Fellowship,Day,Time,Meeting Name,Location,Address,City/Region
CA,Monday,7:30 PM,Off The Rocks,White Scout Building,3511 Gallatin Pike,Nashville
CA,Tuesday,5:00 PM,Hope Shot Group,,1113 S High Street,Columbia
CA,Tuesday,7:30 PM,Off The Rocks,White Scout Building,3511 Gallatin Pike,Nashville
CA,Wednesday,6:30 PM,Men's Meeting,Last Stop Club,2122 Utopia Avenue,Nashville
CA,Wednesday,7:30 PM,Last Straw,,115 N Greenwood St,Lebanon
CA,Friday,7:30 PM,Dr. Bob's Nightmare,Otter Creek Church,3534 West End Ave,Nashville
CA,Saturday,7:30 PM,Pioneer Group,Otter Creek Church,3534 West End Ave,Nashville
NA,Sunday,10:00 AM,Spiritual Solutions,Cumberland Heights IOP,745 S Church St Suite 501,Murfreesboro
NA,Sunday,11:00 AM,Unloaded,DAFA House,110 S Main St,Dickson
NA,Sunday,11:00 AM,Keeping Hope Alive,,433 Nissan Drive Suite 202,Smyrna
NA,Sunday,12:30 PM,1-2-3 Cha Cha Cha (Virtual),,Zoom,Nashville
NA,Sunday,12:30 PM,Keep It Real,Fairlane Church Of Christ,101 Dow Drive,Shelbyville
NA,Sunday,1:00 PM,Sweet Surrender,City Roads UMC,701 Gallatin Road S,Madison
NA,Sunday,1:00 PM,It Just Gets Better,Good Shepherd Methodist,525 New Shackle Island Rd,Hendersonville
NA,Sunday,5:00 PM,Breaking the Cycle,Otter Creek Church,3534 West End Avenue,Nashville
NA,Sunday,5:30 PM,The Ties That Bind Us,Cumberland Heights IOP,745 S Church St Suite 501,Murfreesboro
NA,Sunday,5:30 PM,The Group Conscience,Priest Lake Community Baptist,3325 Anderson Road,Antioch
NA,Sunday,6:00 PM,Bordeaux Group,House of Prayer Church,1909 County Hospital Rd,Nashville
NA,Sunday,6:00 PM,By The Book,Lions Club,634 Lehman St,Woodbury
NA,Sunday,6:00 PM,Surrender To Win,Lafayette UMC,600 West End Dr,Lafayette
NA,Sunday,6:30 PM,Unloaded,DAFA House,110 S Main St,Dickson
NA,Sunday,6:30 PM,Surrender to Win,Apex Recovery,209 Ward Circle,Brentwood
NA,Sunday,6:45 PM,Hope Group,Serenity House,102 Harris St,Madison
NA,Sunday,7:00 PM,Sharing and Caring,Veteran's Park,530 Shoal Circle,Lawrenceburg
NA,Sunday,7:00 PM,Process of Progress,First Presbyterian Church,202 South 2nd Street,Pulaski
NA,Sunday,7:00 PM,New Hope Group,St Peter's Episcopal Church,311 W 7th St,Columbia
NA,Sunday,7:00 PM,New Comers Group,Hohenwald First UMC,200 Court Street,Hohenwald
NA,Sunday,7:00 PM,Just For Today,Seventh-day Adventist Church,607 Larkin Springs Rd,Madison
NA,Sunday,7:30 PM,It Works (Virtual),,Zoom,Nashville
NA,Sunday,7:30 PM,Fan The Flame,Brook Hollow Baptist Church,678 Brook Hollow Road,Nashville
NA,Monday,7:00 AM,Early Birds (Virtual),,Zoom,Madison
NA,Monday,12:00 PM,Out to Lunch Bunch,Belmont UMC,2007 Acklen Ave,Nashville
NA,Monday,12:00 PM,Sweet Surrender,City Road Chapel UMC,701 Gallatin Road S,Madison
NA,Monday,12:00 PM,High Steppers,Greater First Baptist Church,512 North 6th Ave,Lewisburg
NA,Monday,6:00 PM,I Can't; We Can,Parish Life Center,1217 Gallatin Pk South,Madison
NA,Monday,6:00 PM,By The Book,Real Life Community Church,2022 E Main St,Murfreesboro
NA,Monday,6:30 PM,Primary Purpose,Cumberland Presbyterian,522 Castle Heights Ave,Lebanon
NA,Monday,6:30 PM,Unloaded,DAFA House,110 S Main St,Dickson
NA,Monday,6:30 PM,GLOW,Cumberland Heights IOP,745 S. Church St. Ste. 501,Murfreesboro
NA,Monday,6:45 PM,Hope Group,Serenity House,102 Harris St,Madison
NA,Monday,7:00 PM,Sharing and Caring,First UMC,212 Waterloo Street,Lawrenceburg
NA,Monday,7:00 PM,Ghostbusters,Metropolitan Interdenominational,2128 11th Ave North,Nashville
NA,Monday,7:00 PM,Breaking Free,Maury Hills Church,101 Unity Lane,Columbia
NA,Monday,7:00 PM,Rutherford County Night Owls,First UMC,265 W Thompson Ln,Murfreesboro
NA,Monday,7:00 PM,New Hope Group,St Peter's Episcopal Church,311 W 7th St,Columbia
NA,Monday,7:00 PM,Clean and Serene,Dekalb Community Complex,712 S CONGRESS BLVD,Smithville
NA,Monday,7:00 PM,Portland Primary Purpose,Oasis Seventh Day Adventist,703 S. Broadway,Portland
NA,Monday,7:30 PM,Miracles on Monday,Emmanuel Lutheran Church,1003 Hickory Hills Lane,Hermitage
NA,Monday,7:30 PM,Mother Group,West End UMC,2200 West End Avenue,Nashville
NA,Monday,7:30 PM,Drop It Off,Last Stop Club,2122 Utopia Ave,Nashville
NA,Tuesday,11:30 AM,Midday Miracles,Jefferson Street Missionary Bapt,2708 Jefferson Street,Nashville
NA,Tuesday,12:00 PM,Recovery at Noon,Central Christian Church,404 East Main Street,Murfreesboro
NA,Tuesday,12:00 PM,Sweet Surrender,City Roads Chapel UMC,701 Gallatin Road S,Madison
NA,Tuesday,5:30 PM,Happy Hour,Belmont UMC,2007 Acklen Ave,Nashville
NA,Tuesday,6:00 PM,By The Book,Real Life Community Church,2022 E Main St,Murfreesboro
NA,Tuesday,6:00 PM,The Next Step,Serenity House,313 N. Collins St,Tullahoma
NA,Tuesday,6:30 PM,Unloaded,DAFA House,110 S Main St,Dickson
NA,Tuesday,6:30 PM,Serenity Sisters,Last Stop Club,2122 Utopia Ave,Nashville
NA,Tuesday,6:30 PM,Keeping Hope Alive,,185 Mason Circle,La Vergne
NA,Tuesday,6:45 PM,Underground Recovery Men's,Central Christian Church,404 East Main St,Murfreesboro
NA,Tuesday,6:45 PM,Hope Group,Serenity House,102 Harris St,Madison
NA,Tuesday,7:00 PM,Portland Primary Purpose,Oasis Seventh Day Adventist,703 S. Broadway,Portland
NA,Tuesday,7:00 PM,Sharing and Caring,First UMC,212 Waterloo Street,Lawrenceburg
NA,Tuesday,7:00 PM,No Matter What Group,West End Baptist Church,200 Morgan Ave N,Fayetteville
NA,Tuesday,7:00 PM,Open Arms,,2704 Torbett Street,Nashville
NA,Tuesday,7:00 PM,Process of Progress,First Presbyterian Church,202 South 2nd Street,Pulaski
NA,Tuesday,7:00 PM,New Hope Group,St Peter's Episcopal Church,311 W 7th St,Columbia
NA,Tuesday,7:00 PM,Clean and Serene,Dekalb Community Complex,712 S CONGRESS BLVD,Smithville
NA,Tuesday,7:00 PM,New Comers Group,Hohenwald First UMC,200 Court Street,Hohenwald
NA,Tuesday,7:00 PM,Spiritual Foundation,Apex Recovery,209 Ward Circle,Brentwood
NA,Tuesday,7:00 PM,THE SPOT,Connection UMC,2846 Lebanon Pike,Nashville
NA,Tuesday,7:00 PM,Recovery Is Possible,Temple Baptist Church,34 Oak Tree Drive,McMinnville
NA,Tuesday,7:00 PM,It Just Gets Better,Good Shepherd Methodist,525 New Shackle Island Rd,Hendersonville
NA,Tuesday,7:00 PM,Get Honest Hour,Grove Hill Church,5216 Nashville Hwy,Chapel Hill
NA,Tuesday,7:00 PM,Hope Not Dope,Westmoreland Church of Christ,1600 New Hwy 52,Westmoreland
NA,Tuesday,7:00 PM,High Steppers,Greater First Baptist Church,512 North 6th Ave,Lewisburg
NA,Tuesday,7:00 PM,The Next Chapter,Bledsoe Baptist Association,145 E Smith St,Gallatin
NA,Tuesday,7:30 PM,Drop It Off,Last Stop Club,2122 Utopia Ave,Nashville
NA,Tuesday,7:30 PM,Masq Off Recovery LGBT Plus,City Roads UMC,701 Gallatin Road S,Madison
NA,Tuesday,7:30 PM,The M&M Meeting,Woodland Presbyterian Church,211 N. 11th Street,Nashville
NA,Wednesday,7:00 AM,Early Birds (Virtual),,Zoom,Madison
NA,Wednesday,12:00 PM,Out to Lunch Bunch,Belmont UMC,2007 Acklen Ave,Nashville
NA,Wednesday,12:00 PM,Sweet Surrender,City Roads UMC,701 Gallatin Road S,Madison
NA,Wednesday,12:00 PM,Spiritual Solutions,Cumberland Heights IOP,745 S. Church St,Murfreesboro
NA,Wednesday,12:00 PM,Primary Purpose,Cumberland Presbyterian,522 Castle Heights Ave,Lebanon
NA,Wednesday,6:00 PM,Spiritual Solutions,Cumberland Heights IOP,745 S Church St Suite 501,Murfreesboro
NA,Wednesday,6:30 PM,Surrender To Win,Lafayette UMC,600 West End Dr,Lafayette
NA,Wednesday,6:30 PM,No More Tears,No More Tears Recovery,1308 E Main St,Waverly
NA,Wednesday,6:30 PM,Unloaded,DAFA House,110 S Main St,Dickson
NA,Wednesday,6:30 PM,Promise of Freedom,BrightPath Recovery,433 Nissan Dr Suite 202,Smyrna
NA,Wednesday,6:45 PM,Hope Group,Serenity House,102 Harris St,Madison
NA,Wednesday,6:45 PM,Underground Recovery,Central Christian Church,404 E Main St,Murfreesboro
NA,Wednesday,7:00 PM,Sharing and Caring,Veteran's Park,530 Shoal Circle,Lawrenceburg
NA,Wednesday,7:00 PM,Decherd Surrender,Decherd UMC,301 E Main St,Decherd
NA,Wednesday,7:00 PM,Spiritual Awakening,Refuge Church Nashville,309 Rayon Dr,Old Hickory
NA,Wednesday,7:00 PM,Clean and Serene,Dekalb Community Complex,712 S CONGRESS BLVD,Smithville
NA,Wednesday,7:30 PM,Another Choice,Hermitage UMC,205 Belinda Drive,Hermitage
NA,Wednesday,7:30 PM,Step by Step,Woodmont Hills Church,3710 Franklin Pike,Nashville
NA,Wednesday,7:30 PM,Fan The Flame,Brook Hollow Baptist Church,678 Brook Hollow Road,Nashville
NA,Wednesday,7:30 PM,Easy Does It,,1215 Gallatin Ave,Nashville
NA,Thursday,11:30 AM,Midday Miracles,Jefferson Street Missionary Bapt,2708 Jefferson Street,Nashville
NA,Thursday,12:00 PM,Sweet Surrender,City Roads UMC,701 Gallatin Road S,Madison
NA,Thursday,6:00 PM,By the Book,Real Life Community Church,2022 E Main St,Murfreesboro
NA,Thursday,6:30 PM,Unloaded,DAFA House,110 S Main St,Dickson
NA,Thursday,6:45 PM,Hope Group,Serenity House,102 Harris St,Madison
NA,Thursday,6:45 PM,Never Alone,Central Christian Church,404 East Main Street,Murfreesboro
NA,Thursday,7:00 PM,Imagine the Freedom Group,Centerville UMC,103 College Avenue,Centerville
NA,Thursday,7:00 PM,Rutherford County Night Owls,First UMC,265 W Thompson Ln,Murfreesboro
NA,Thursday,7:00 PM,Family is Forever,Franklin First UMC,120 Aldersgate Way,Franklin
NA,Thursday,7:00 PM,Pathway To Progress,First Presbyterian Church,1101 Jackson St,Manchester
NA,Thursday,7:00 PM,For Addicts Only,Highland Park Church,5710 Knob Rd,Nashville
NA,Thursday,7:00 PM,Recovery Is Possible,Temple Baptist Church,34 Oak Tree Drive,McMinnville
NA,Thursday,7:00 PM,Portland Primary Purpose,,703 South Broadway Street,Portland
NA,Thursday,7:00 PM,The Acheivers Of NA,City Hall,141 Church St,Dowelltown
NA,Thursday,7:00 PM,New Freedom Fighters,Salvation Army,631 Dickerson Road,Nashville
NA,Thursday,7:00 PM,New Hope Group,St Peter's Episcopal Church,311 W 7th St,Columbia
NA,Thursday,7:00 PM,New Comers Group,Hohenwald First UMC,200 Court Street,Hohenwald
NA,Thursday,7:00 PM,Clean and Serene,Dekalb Community Complex,712 S. Congress Blvd,Smithville
NA,Thursday,7:00 PM,It Just Gets Better,Good Shepherd Methodist,525 New Shackle Island Rd,Hendersonville
NA,Thursday,7:00 PM,Hope Not Dope,Westmoreland Church of Christ,1600 New Hwy 52,Westmoreland
NA,Thursday,7:00 PM,Knights to Recovery,Hartsville UMC,224 River Street,Lafayette
NA,Thursday,7:30 PM,"New,New Horizons",Ebeneezer Missionary Baptist,2624 Morena Street,Nashville
NA,Thursday,7:30 PM,We've Had Enough,Ascension Lutheran Church,610 West Old Hickory Blvd,Madison
NA,Thursday,7:30 PM,Drop It Off,Last Stop Club,2122 Utopia Ave,Nashville
NA,Friday,7:00 AM,Early Birds (Virtual),,Zoom,Madison
NA,Friday,12:00 PM,Out to Lunch Bunch,Belmont UMC,2007 Acklen Ave,Nashville
NA,Friday,12:00 PM,Sweet Surrender,City Roads UMC,701 Gallatin Road S,Madison
NA,Friday,5:30 PM,Happy Hour,Belmont UMC,2007 Acklen Ave,Nashville
NA,Friday,6:00 PM,The Next Step,Serenity House,313 Collins St,Tullahoma
NA,Friday,6:00 PM,Underground Recovery Womens,Central Christian Church,404 E. Main St,Murfreesboro
NA,Friday,6:00 PM,No More Tears,No More Tears Recovery,1308 E Main St,Waverly
NA,Friday,6:30 PM,Unloaded,DAFA House,110 S Main St,Dickson
NA,Friday,6:30 PM,Finding A New Way To Live,,433 Nissan Drive,Smyrna
NA,Friday,6:45 PM,Hope Group,Serenity House,102 Harris St,Madison
NA,Friday,7:00 PM,Sharing and Caring,First UMC,212 Waterloo Street,Lawrenceburg
NA,Friday,7:00 PM,Home Sweet Home,First Presbyterian of Hendersonville,172 West Main St,Hendersonville
NA,Friday,7:00 PM,Breaking Free,Maury Hills Church,101 Unity Lane,Columbia
NA,Friday,7:00 PM,Keep it Real,Fairlane Church of Christ,101 Dow Drive,Shelbyville
NA,Friday,7:00 PM,Rutherford County Night Owls,First UMC,265 W Thompson Ln,Murfreesboro
NA,Friday,7:00 PM,Clean and Serene,Dekalb Community Complex,712 S CONGRESS BLVD,Smithville
NA,Friday,7:00 PM,New Comers Group,Hohenwald First UMC,200 Court Street,Hohenwald
NA,Friday,7:00 PM,Breaking the Chains,First UMC,149 West Main St,Gallatin
NA,Friday,7:30 PM,Easy Does It,,1215 Gallatin Ave,Nashville
NA,Friday,7:30 PM,Drop It Off,Last Stop Club,2122 Utopia Ave,Nashville
NA,Friday,7:30 PM,Houston County Group,First Assembly of God,700 Arlington St,Erin
NA,Friday,7:30 PM,Moon Dogs,Home Church,3511 Gallatin Pike,Nashville
NA,Friday,7:30 PM,Step by Step,Woodmont Hills Church,3710 Franklin Pike,Nashville
NA,Saturday,9:00 AM,Never Alone,Central Christian Church,404 East Main Street,Murfreesboro
NA,Saturday,10:30 AM,Unloaded,DAFA House,110 S Main St,Dickson
NA,Saturday,12:00 PM,Surrender To Win,Lafayette UMC,600 West End Dr,Lafayette
NA,Saturday,12:00 PM,Discover Recovery Group,Epiphany Baptist Church,508 South Main St,Springfield
NA,Saturday,12:00 PM,Sweet Surrender,City Roads UMC,701 Gallatin Road S,Madison
NA,Saturday,5:00 PM,Five Alive,Serenity House,102 Harris St,Madison
NA,Saturday,6:00 PM,The Recovery Plug,Pomona Baptist Chruch Gym,974 Pomona Road,Dickson
NA,Saturday,6:00 PM,Women of Hope,Inglewood UMC,3511 Gallatin Pike,Nashville
NA,Saturday,6:00 PM,Keep Coming Back,Right Road Ministries,190 Old Nashville Hwy,LaVergne
NA,Saturday,6:00 PM,It Just Gets Better,Good Shepherd Methodist,525 New Shackle Island Rd,Hendersonville
NA,Saturday,6:00 PM,Spiritual Solutions,Cumberland Heights IOP,745 S Church St Suite 501,Murfreesboro
NA,Saturday,6:30 PM,Unloaded,DAFA House,110 S Main St,Dickson
NA,Saturday,7:00 PM,Sharing and Caring,Veteran's Park,530 Shoal Circle,Lawrenceburg
NA,Saturday,7:00 PM,Pathway To Progress,First Presbyterian Church,1101 Jackson St,Manchester
NA,Saturday,7:00 PM,Saturday Sundowners,Emmanuel Missionary Baptist,934 43rd Ave N,Nashville
NA,Saturday,7:00 PM,Rutherford County Night Owls,First UMC,265 W Thompson Ln,Murfreesboro
NA,Saturday,7:00 PM,New Hope Group,St Peter's Episcopal Church,311 W 7th St,Columbia
NA,Saturday,7:00 PM,Clean and Serene,Dekalb Community Complex,712 S CONGRESS BLVD,Smithville
NA,Saturday,7:00 PM,New Comers Group,Hohenwald First UMC,200 Court Street,Hohenwald
NA,Saturday,7:00 PM,Decherd Surrender,Decherd UMC,301 E Main St,Decherd
NA,Saturday,7:00 PM,Give Us This Day,Stewart County Senior Center,111 General Rice Steet,Dover
NA,Saturday,7:00 PM,The Next Chapter,Bledsoe Baptist Association,145 E Smith St,Gallatin
NA,Saturday,7:00 PM,High Steppers,Greater First Baptist Church,512 North 6th Ave,Lewisburg
NA,Saturday,7:30 PM,Saturday Night Live,Otter Creek Church,409 Franklin Rd,Brentwood
NA,Saturday,7:30 PM,Drop It Off,Last Stop Club,2122 Utopia Ave,Nashville
AA,Monday,6:30 AM,Drunks In The Park,Aspen Grove Church,274 Mallory Station Rd,Franklin
AA,Monday,6:30 AM,Out Of The Fog,First United Methodist Church,120 Aldersgate Way,Franklin
AA,Monday,7:00 AM,First Things First,Our House,115 N Greenwood St,Lebanon
AA,Monday,7:00 AM,Shade Tree Group,Donelson Church of the Nazarene,208 Donelson Pike,Nashville
AA,Monday,7:00 AM,Smyrna Gratitude Group,Smyrna Air Base,298 Fitzhugh Blvd,Smyrna
AA,Monday,7:00 AM,Sober and Grateful Group,Friendship House,202 23rd Ave N,Nashville
AA,Monday,7:00 AM,Sunrisers,5925 OBrien Avenue,5925 Obrien Ave,Nashville
AA,Monday,7:00 AM,Thankful Contemplation Group,St Michaels Episcopal Church,640 N Washington Ave,Cookeville
AA,Monday,7:30 AM,East Side Sunlighters,Woodland Presbyterian Church,211 N 11th St,Nashville
AA,Monday,7:30 AM,New Day Meeting,St Joseph of Arimathea Episcopal,103 Country Club Dr,Hendersonville
AA,Monday,9:00 AM,Out to Breakfast Bunch,Friendship House,202 23rd Ave N,Nashville
AA,Monday,9:30 AM,Murfreesboro Group,801 N. Maney Ave,801 N Maney Ave,Murfreesboro
AA,Monday,10:00 AM,Pulaski Group,Betterway House,251 Water St,Pulaski
AA,Monday,11:00 AM,Any Lengths Group,The Other House Building,407 Park Ave,Lebanon
AA,Monday,11:30 AM,Davidson Road AA Group,Belle Meade UMC,121 Davidson Rd,Nashville
AA,Monday,11:30 AM,Dickson Group,DAFA House,110 S Main St,Dickson
AA,Monday,11:30 AM,Out to Lunch Bunch,Friendship House,202 23rd Ave N,Nashville
AA,Monday,11:30 AM,Rule 62,Brentwood UMC - Buchanan Annex,329 Franklin Rd,Brentwood
AA,Monday,12:00 PM,AA Meeting - Tullahoma,Serenity House,313 N Collins St,Tullahoma
AA,Monday,12:00 PM,Clark Street Group,Melvin Maynard Center,951 Clark St,Clarksville
AA,Monday,12:00 PM,Columbia Group,Friendship House,1113 S High St,Columbia
AA,Monday,12:00 PM,Crossville Nooners,Fourth Dimension Club House,2229 West Ave,Crossville
AA,Monday,12:00 PM,Daily Reprieve,The Fellowship House,206 S College St,Lebanon
AA,Monday,12:00 PM,Franklin Group,First United Methodist Church,120 Aldersgate Way,Franklin
AA,Monday,12:00 PM,GAA (Gallatin AA),165 East Bledsoe St,165 E Bledsoe St,Gallatin
AA,Monday,12:00 PM,Happy Hour Group,Serenity House,440 College St,Lewisburg
AA,Monday,12:00 PM,Hermitage Women's Group,Hermitage Presbyterian Church,421 Highland View Dr,Hermitage
AA,Monday,12:00 PM,High Noon Group,St Joseph of Arimathea Episcopal,103 Country Club Dr,Hendersonville
AA,Monday,12:00 PM,House Meeting,Serenity House,102 Harris St,Madison
AA,Monday,12:00 PM,Live and Let Live,,122 S Madison Ave,Cookeville
AA,Monday,12:00 PM,Mid-day Break Group,Last Stop Club,2122 Utopia Ave,Nashville
AA,Monday,12:00 PM,Paris Serenity Group,First Christian Church,101 S Poplar St,Paris
AA,Monday,12:00 PM,Pass It On Group,St. Matthews Episcopal Church,105 Edgewood Ave,McMinnville
AA,Monday,12:00 PM,Serenity Group,435 S. Molloy Lane,435 Molloy Ln,Murfreesboro
AA,Monday,12:00 PM,Shade Tree Nooners,Donelson Church of the Nazarene,208 Donelson Pike,Nashville
AA,Monday,12:00 PM,Smyrna Gratitude Group,Smyrna Air Base,298 Fitzhugh Blvd,Smyrna
AA,Monday,12:00 PM,Sobriety First Group,Our House,115 N Greenwood St,Lebanon
AA,Monday,12:00 PM,Valley View Ashland City,Cheatham Recovery House,676 S Main St,Ashland City
AA,Monday,12:00 PM,Winners & Beginners Group,5925 OBrien Avenue,5925 Obrien Ave,Nashville
AA,Monday,12:30 PM,The Spring Hill NOON:30,The Bridge Church,3005 Parkfield Loop S,Spring Hill
AA,Monday,1:00 PM,5 x 5 Group,Friendship House,202 23rd Ave N,Nashville
AA,Monday,1:00 PM,Friends in Recovery,Brentwood UMC - Buchanan Annex,329 Franklin Rd,Brentwood
AA,Monday,1:00 PM,Late Lunch Bunch,Concord Road Church of Christ,8221 Concord Rd,Brentwood
AA,Monday,3:00 PM,5x5 Group,Friendship House,202 23rd Ave N,Nashville
AA,Monday,5:00 PM,5x5 Group,Friendship House,202 23rd Ave N,Nashville
AA,Monday,5:00 PM,Columbia Group,Friendship House,1113 S High St,Columbia
AA,Monday,5:00 PM,How It Works,,122 S Madison Ave,Cookeville
AA,Monday,5:00 PM,Live and Let Live,,122 S Madison Ave,Cookeville
AA,Monday,5:30 PM,Back To The Big Book,St. Mark's UMC,1267 N Rutherford Blvd,Murfreesboro
AA,Monday,5:30 PM,Easy Does It Group,Celebration Lutheran Church,3425 N Mt Juliet Rd,Mt. Juliet
AA,Monday,5:30 PM,Monday Night Pay Day,Pegram United Methodist Church,479 Thompson Rd,Pegram
AA,Monday,5:30 PM,Murfreesboro Group,801 N. Maney Ave,801 N Maney Ave,Murfreesboro
AA,Monday,5:30 PM,Nolensville Gratitude,Ebenezer United Methodist Church,101 King St,Nolensville
AA,Monday,5:30 PM,Shade Tree Group,Donelson Church of the Nazarene,208 Donelson Pike,Nashville
AA,Monday,5:30 PM,Smyrna Gratitude Group,Smyrna Air Base,298 Fitzhugh Blvd,Smyrna
AA,Monday,5:30 PM,Valley View Ashland City,Cheatham Recovery House,676 S Main St,Ashland City
AA,Monday,6:00 PM,Acceptance is the Answer,Apex Recovery,209 Ward Cir,Brentwood
AA,Monday,6:00 PM,Berry's Chapel Big Book,Berry's Chapel Church of Christ,1777 S Berrys Chapel Rd,Franklin
AA,Monday,6:00 PM,Clark Street Group,Melvin Maynard Center,951 Clark St,Clarksville
AA,Monday,6:00 PM,DeKalb Friendship Group,Cumberland Presbyterian,100 S College St,Smithville
AA,Monday,6:00 PM,Intergroup Monthly Meeting,Sunmark Building,417 Welshwood Dr #103,Nashville
AA,Monday,6:00 PM,Lawrenceburg Group,City Administration Building,233 W Gaines St,Lawrenceburg
AA,Monday,6:00 PM,Music City Happy Hour,5925 OBrien Avenue,5925 Obrien Ave,Nashville
AA,Monday,6:00 PM,New Day Group,First Presbyterian Church,304 W Main St,Lebanon
AA,Monday,6:00 PM,No Format Format Men,First Presbyterian Outreach,215 Foster St,Clarksville
AA,Monday,6:00 PM,Page 112 Group,Old Hickory Presbyterian Church,801 Jones St,Old Hickory
AA,Monday,6:00 PM,Sango Solutions Group,Sango United Methodist Church,3301 Sango Rd,Clarksville
AA,Monday,6:00 PM,Seeking Sanity Group,,3441 Lebanon Pike,Hermitage
AA,Monday,6:00 PM,Serenity Group,435 S. Molloy Lane,435 Molloy Ln,Murfreesboro
AA,Monday,6:00 PM,Sobriety First Group,Our House,115 N Greenwood St,Lebanon
AA,Monday,6:00 PM,Step by Step,Unitarian Universalist,3053 Hwy 41a South,Clarksville
AA,Monday,6:00 PM,The Joy Of Living,The Home Church,3511 Gallatin Pike,Nashville
AA,Monday,6:00 PM,Trudging The Road Group,St Paul's Episcopal Annex,506 Fair St,Franklin
AA,Monday,6:00 PM,Unity At 6,Last Stop Club,2122 Utopia Ave,Nashville
AA,Monday,6:00 PM,Waverly Group,First Baptist Church,300 E Main St,Waverly
AA,Monday,6:00 PM,Women's Freedom Group,Vine Street Christian Church,4101 Harding Pike,Nashville
AA,Monday,6:30 PM,Any Lengths Group,The Other House Building,407 Park Ave,Lebanon
AA,Monday,6:30 PM,Bellevue Road Group,Redeemer Lutheran Church,800 Bellevue Rd,Nashville
AA,Monday,6:30 PM,Crossville Nonsmoking,Fourth Dimension Club House,2229 West Ave,Crossville
AA,Monday,6:30 PM,Dickson Group,DAFA House,110 S Main St,Dickson
AA,Monday,6:30 PM,One Purpose Group,Saundersville UMC Annex,710 E Main St,Gallatin
AA,Monday,6:30 PM,East Hickman AA,Wrigley Church of God,7703 Grover Vaughn Rd,Lyles
AA,Monday,6:30 PM,Franklin Road Womens,Brentwood First Presbyterian,1301 Franklin Rd,Brentwood
AA,Monday,6:30 PM,Harding Road Group,St. George's Episcopal Church,4715 Harding Pike,Nashville
AA,Monday,6:30 PM,How It Works,Friendship House,202 23rd Ave N,Nashville
AA,Monday,6:30 PM,Muletown AA,Maury Hills Church,101 Unity Dr,Columbia
AA,Monday,6:30 PM,Nipper's Corner Meeting,Christ Church Nashville,15354 Old Hickory Blvd,Nashville
AA,Monday,6:30 PM,Paris Fellowship Group,,3530 North Highway 79,Paris
AA,Monday,6:30 PM,Recovery Hill Group,UAW Union Hall,125 Stephen P Yokich Pkwy,Spring Hill
AA,Monday,6:30 PM,Spring Hill Group,Faith Lutheran Church,2640 Buckner Rd,Thompson Station
AA,Monday,6:30 PM,Step Sisters,East Park Recreation Center,600 Woodland St,Nashville
AA,Monday,6:30 PM,The Lawn Chair Group,Brentwood Hills Church of Christ,5120 Franklin Pike,Nashville
AA,Monday,6:30 PM,Women's 12 Step Study,DAFA House,110 S Main St,Dickson
AA,Monday,6:30 PM,You Are Not Alone,Fairview Nutrition,2671 Fairview Blvd W,Fairview
AA,Monday,7:00 PM,Centerville Group,Twomey Church of Christ,65 TN-100,Centerville
AA,Monday,7:00 PM,Chapel Hill New Life,Chapel Hill UMC,316 Nashville Hwy,Chapel Hill
AA,Monday,7:00 PM,Columbia Group,Friendship House,1113 S High St,Columbia
AA,Monday,7:00 PM,Courage To Change,Trinity Lutheran Church,5001 Trotwood Ave,Columbia
AA,Monday,7:00 PM,Dulce Rendicion,,6257 Hwy 76 E,Springfield
AA,Monday,7:00 PM,East Side Men's Stag,Woodland Presbyterian Church,211 N 11th St,Nashville
AA,Monday,7:00 PM,Easy Does It Group,Celebration Lutheran Church,3425 N Mt Juliet Rd,Mt. Juliet
AA,Monday,7:00 PM,Fayetteville Group,St Marys Episcopal Church,106 Washington St E,Fayetteville
AA,Monday,7:00 PM,GAA (Gallatin AA),165 East Bledsoe St,165 E Bledsoe St,Gallatin
AA,Monday,7:00 PM,Gladeville Gratitude,75 McCrary Rd,75 McCrary Rd,Gladeville
AA,Monday,7:00 PM,How It Works,,122 S Madison Ave,Cookeville
AA,Monday,7:00 PM,I-65 Group,The Church at Grace Park,506 Hester Dr,White House
AA,Monday,7:00 PM,Live and Let Live,,122 S Madison Ave,Cookeville
AA,Monday,7:00 PM,Livingston Group,Windfall Building,215 E Main St,Livingston
AA,Monday,7:00 PM,Meeting On A Hill,Covenant Presbyterian Church,33 Burton Hills Blvd,Nashville
AA,Monday,7:00 PM,New Hope Group,Crosswalk Church,605 Wilson Pike,Brentwood
AA,Monday,7:00 PM,Portland United Group,Nazarene Church,409 S Russell St,Portland
AA,Monday,7:00 PM,Puerto Seguro Reuniones,,184 Akersville Rd,Lafayette
AA,Monday,7:00 PM,Pulaski Group,Betterway House,251 Water St,Pulaski
AA,Monday,7:00 PM,Rushh Hour,Kroger Marketplace,4726 Traders Way,Thompson Station
AA,Monday,7:00 PM,The Barn Men,Sheep to Shepherds,832 Jones Creek Rd,Dickson
AA,Monday,7:00 PM,Trinity Group,Serenity House,313 N Collins St,Tullahoma
AA,Monday,7:00 PM,West Nashville Group,Brook Hollow Baptist Church,678 Brook Hollow Rd,Nashville
AA,Monday,7:00 PM,White Bluff Meeting,Crossroads Church of God,1002 Claylick Rd,White Bluff
AA,Monday,7:00 PM,Winchester Group,First Methodist Church,100 S Jefferson St,Winchester
AA,Monday,7:15 PM,Two Ladies and a Coffee Pot,Sango UMC,3301 Sango Rd,Clarksville
AA,Monday,7:30 PM,Goodlettsville Group,,200 E Cedar St,Goodlettsville
AA,Monday,7:30 PM,Lambda Group,Trinity Presbyterian Church,3201 Hillsboro Pike,Nashville
AA,Monday,7:30 PM,Prime Time Monday Night,Brenthaven Cumberland Presbyterian,516 Franklin Rd,Brentwood
AA,Monday,8:00 PM,Camino A La Sobriedad,,2572 Murfreesboro Pike,Nashville
AA,Monday,8:00 PM,Clark Street Group,Melvin Maynard Center,951 Clark St,Clarksville
AA,Monday,8:00 PM,Drunks Talking Principles,Friendship House,202 23rd Ave N,Nashville
AA,Monday,8:00 PM,East Nashville Group,Holy Name Parish Center,508 Main St,Nashville
AA,Monday,8:00 PM,Grupo Fuerza Para Vivir,,392 Harding Pl,Nashville
AA,Monday,8:00 PM,Grupo Mi Ultima Copa,,3015 Nolensville Pk,Nashville
AA,Monday,8:00 PM,Grupo Nashville Sur,,5050 Linbar Dr,Nashville
AA,Monday,8:00 PM,Grupo Nuevo Amanecer,,2711 Murfreesboro Pike,Antioch
AA,Monday,8:00 PM,Grupo Regreso A Lo Fundamental,,403 Smyrna Square Dr,Smyrna
AA,Monday,8:00 PM,Grupo Volver a Nacer,,2517b Nolensville Pk,Nashville
AA,Monday,8:00 PM,Nuevo Sendero,,4122 Gallatin Pike,Nashville
AA,Monday,8:00 PM,One Step Closer Group,St Paul's Episcopal Annex,506 Fair St,Franklin
AA,Monday,8:00 PM,REBOS,Community Church of Hendersonville,381 W Main St,Hendersonville
AA,Monday,8:00 PM,Serenity Group,435 S. Molloy Lane,435 Molloy Ln,Murfreesboro
AA,Monday,8:00 PM,Smyrna Gratitude Group,Smyrna Air Base,298 Fitzhugh Blvd,Smyrna
AA,Monday,8:00 PM,Transmitelo,907 Madison Square,907 Madison Square,Madison
AA,Monday,8:00 PM,Viviendo Sobrio,,4813 Nolensville Pk,Nashville
AA,Monday,8:00 PM,Woodbine Group,Last Stop Club,2122 Utopia Ave,Nashville
AA,Tuesday,6:30 AM,Drunks In The Park,Aspen Grove Church,274 Mallory Station Rd,Franklin
AA,Tuesday,6:30 AM,Out Of The Fog,First United Methodist Church,120 Aldersgate Way,Franklin
AA,Tuesday,7:00 AM,First Things First,Our House,115 N Greenwood St,Lebanon
AA,Tuesday,7:00 AM,Serenity Group,435 S. Molloy Lane,435 Molloy Ln,Murfreesboro
AA,Tuesday,7:00 AM,Shade Tree Group,Donelson Church of the Nazarene,208 Donelson Pike,Nashville
AA,Tuesday,7:00 AM,Smyrna Gratitude Group,Smyrna Air Base,298 Fitzhugh Blvd,Smyrna
AA,Tuesday,7:00 AM,Sober and Grateful Group,Friendship House,202 23rd Ave N,Nashville
AA,Tuesday,7:00 AM,Sunrisers,5925 OBrien Avenue,5925 Obrien Ave,Nashville
AA,Tuesday,7:00 AM,Thankful Contemplation Group,St Michaels Episcopal Church,640 N Washington Ave,Cookeville
AA,Tuesday,7:00 AM,The Gratitude Hut at Sango,Sango UMC,3301 Sango Rd,Clarksville
AA,Tuesday,7:30 AM,East Side Sunlighters,Woodland Presbyterian Church,211 N 11th St,Nashville
AA,Tuesday,7:30 AM,First Things First Group,St Joseph of Arimathea Episcopal,103 Country Club Dr,Hendersonville
AA,Tuesday,8:30 AM,The Stragglers,Brentwood UMC - Buchanan Annex,329 Franklin Rd,Brentwood
AA,Tuesday,9:00 AM,Daily Reprieve,The Fellowship House,206 S College St,Lebanon
AA,Tuesday,9:00 AM,Out to Breakfast Bunch,Friendship House,202 23rd Ave N,Nashville
AA,Tuesday,9:30 AM,Murfreesboro Group,801 N. Maney Ave,801 N Maney Ave,Murfreesboro
AA,Tuesday,10:00 AM,Pulaski Group,Betterway House,251 Water St,Pulaski
AA,Tuesday,11:00 AM,Any Lengths Group,The Other House Building,407 Park Ave,Lebanon
AA,Tuesday,11:00 AM,Women's Open Door,Vine Street Christian Church,4101 Harding Pike,Nashville
AA,Tuesday,11:30 AM,Davidson Road AA Group,Belle Meade UMC,121 Davidson Rd,Nashville
AA,Tuesday,11:30 AM,Dickson Group,DAFA House,110 S Main St,Dickson
AA,Tuesday,11:30 AM,Out to Lunch Bunch,Friendship House,202 23rd Ave N,Nashville
AA,Tuesday,11:30 AM,Pure AA,DAFA House,110 S Main St,Dickson
AA,Tuesday,12:00 PM,86'ers,Dalewood UMC,2300 Ridgecrest Dr,Nashville
AA,Tuesday,12:00 PM,Brown Bag Group,St Thomas Aquinas Catholic Church,421 N Washington Ave,Cookeville
AA,Tuesday,12:00 PM,Clark Street Group,Melvin Maynard Center,951 Clark St,Clarksville
AA,Tuesday,12:00 PM,Columbia Group,Friendship House,1113 S High St,Columbia
AA,Tuesday,12:00 PM,Crossville Nooners,Fourth Dimension Club House,2229 West Ave,Crossville
AA,Tuesday,12:00 PM,Franklin Group,First United Methodist Church,120 Aldersgate Way,Franklin
AA,Tuesday,12:00 PM,GAA (Gallatin AA),165 East Bledsoe St,165 E Bledsoe St,Gallatin
AA,Tuesday,12:00 PM,High Noon Group,St Joseph of Arimathea Episcopal,103 Country Club Dr,Hendersonville
AA,Tuesday,12:00 PM,House Meeting,Serenity House,102 Harris St,Madison
AA,Tuesday,12:00 PM,Mid-day Break Group,Last Stop Club,2122 Utopia Ave,Nashville
AA,Tuesday,12:00 PM,Paris Serenity Group,First Christian Church,101 S Poplar St,Paris
AA,Tuesday,12:00 PM,Pass It On Group,St. Matthews Episcopal Church,105 Edgewood Ave,McMinnville
AA,Tuesday,12:00 PM,Purposed Process,Bellafant Tabernacle Baptist,1607 Whatley St,Columbia
AA,Tuesday,12:00 PM,Saturday Night Alive,Serenity House,313 N Collins St,Tullahoma
AA,Tuesday,12:00 PM,Serenity Group,435 S. Molloy Lane,435 Molloy Ln,Murfreesboro
AA,Tuesday,12:00 PM,Shade Tree Nooners,Donelson Church of the Nazarene,208 Donelson Pike,Nashville
AA,Tuesday,12:00 PM,Smyrna Gratitude Group,Smyrna Air Base,298 Fitzhugh Blvd,Smyrna
AA,Tuesday,12:00 PM,Sobriety First Group,Our House,115 N Greenwood St,Lebanon
AA,Tuesday,12:00 PM,Winners & Beginners Group,5925 OBrien Avenue,5925 Obrien Ave,Nashville
AA,Tuesday,12:30 PM,Ruts Meeting,UAW Union Hall,125 Stephen P Yokich Pkwy,Spring Hill
AA,Tuesday,1:00 PM,5x5 Group,Friendship House,202 23rd Ave N,Nashville
AA,Tuesday,3:00 PM,5x5 Group,Friendship House,202 23rd Ave N,Nashville
AA,Tuesday,3:00 PM,Late Lunch Bunch,Concord Road Church of Christ,8221 Concord Rd,Brentwood
AA,Tuesday,5:00 PM,5x5 Group,Friendship House,202 23rd Ave N,Nashville
AA,Tuesday,5:00 PM,Happy Hour Group,,122 S Madison Ave,Cookeville
AA,Tuesday,5:00 PM,The Dunlap Fellowship,Dunlap UMC,1958 Main St,Dunlap
AA,Tuesday,5:30 PM,Back To Basics Big Book,Serenity House,102 Harris St,Madison
AA,Tuesday,5:30 PM,Drop The Rock Meeting,Celtic Club,106 N Anderson St,Tullahoma
AA,Tuesday,5:30 PM,Murfreesboro Group,801 N. Maney Ave,801 N Maney Ave,Murfreesboro
AA,Tuesday,5:30 PM,Recovery at the Bend,Riverbend Maximum Security,7475 Cockrill Bend Blvd,Nashville
AA,Tuesday,5:30 PM,Shade Tree Group,Donelson Church of the Nazarene,208 Donelson Pike,Nashville
AA,Tuesday,5:30 PM,Smyrna Gratitude Group,Smyrna Air Base,298 Fitzhugh Blvd,Smyrna
AA,Tuesday,5:30 PM,Tuesday Night Women's,Cumberland Heights Outpatient,745 S Church St,Murfreesboro
AA,Tuesday,5:30 PM,Valley View Ashland City,Cheatham Recovery House,676 S Main St,Ashland City
AA,Tuesday,5:30 PM,We Do Recover,Clean Heart Christian Ministries,17 E Maple St,Sparta
AA,Tuesday,6:00 PM,Came To Believe,First Presbyterian Church,101 Legends Club Ln,Franklin
AA,Tuesday,6:00 PM,Clark Street Group,Melvin Maynard Center,951 Clark St,Clarksville
AA,Tuesday,6:00 PM,Cumberland Unity Group,First Baptist Church,773 E McMurry Blvd,Hartsville
AA,Tuesday,6:00 PM,Grateful Grove,College Grove UMC,8568 Horton Hwy,College Grove
AA,Tuesday,6:00 PM,Happy Destiny Women,,200 E Cedar St,Goodlettsville
AA,Tuesday,6:00 PM,No More Tears,No More Tears Recovery,1308 E Main St,Waverly
AA,Tuesday,6:00 PM,Northside Group,Cumberland Presbyterian,1307 Fort Campbell Blvd,Clarksville
AA,Tuesday,6:00 PM,Paris Fellowship Group,,3530 North Highway 79,Paris
AA,Tuesday,6:00 PM,Safe Harbor Group,St. Bethlehem Christian Church,280 Dunbar Cave Rd,Clarksville
AA,Tuesday,6:00 PM,Sango Solutions Group,Sango UMC,3301 Sango Rd,Clarksville
AA,Tuesday,6:00 PM,Serenity Group,435 S. Molloy Lane,435 Molloy Ln,Murfreesboro
AA,Tuesday,6:00 PM,Serenity Group,Fourth Dimension Club House,2229 West Ave,Crossville
AA,Tuesday,6:00 PM,Sobriety First Group,Our House,115 N Greenwood St,Lebanon
AA,Tuesday,6:00 PM,Sobriety-serenity-service,Hermitage UMC,205 Belinda Dr,Hermitage
AA,Tuesday,6:00 PM,There is a Solution,First Presbyterian Church,304 W Main St,Lebanon
AA,Tuesday,6:00 PM,Unity At 6,Last Stop Club,2122 Utopia Ave,Nashville
AA,Tuesday,6:00 PM,Winners and Beginners,Brentwood Hills Church of Christ,5120 Franklin Pike,Nashville
AA,Tuesday,6:30 PM,A.W.O.L.,Cross Point Church Bellevue,7675 Hwy 70 S,Nashville
AA,Tuesday,6:30 PM,Any Lengths Group,The Other House Building,407 Park Ave,Lebanon
AA,Tuesday,6:30 PM,Dickson Group,DAFA House,110 S Main St,Dickson
AA,Tuesday,6:30 PM,East Side Women's Meeting,Eastwood Christian Church,1601 Eastland Ave,Nashville
AA,Tuesday,6:30 PM,Lifesavers,Friendship House,202 23rd Ave N,Nashville
AA,Tuesday,6:30 PM,Love And Laughter,Saturn Drive Baptist Church,1212 Saturn Dr,Nashville
AA,Tuesday,6:30 PM,Pot o' Gold Group,Erin United Methodist Church,40 E Walnut St,Erin
AA,Tuesday,6:30 PM,The Serenity Group of Dover,Dover First Church of Nazarene,1335 Donelson Pkwy,Dover
AA,Tuesday,6:30 PM,Transformers,5925 OBrien Avenue,5925 Obrien Ave,Nashville
AA,Tuesday,7:00 PM,A New Freedom,Highland Park Church,5710 Knob Rd,Nashville
AA,Tuesday,7:00 PM,AA Meeting - Tullahoma,Serenity House,313 N Collins St,Tullahoma
AA,Tuesday,7:00 PM,Celina AA Group,Health Dept Basement,115 Guffey St,Celina
AA,Tuesday,7:00 PM,Columbia Group,Friendship House,1113 S High St,Columbia
AA,Tuesday,7:00 PM,Comfort Zone Group,The Oak House,335 Oak St,Kingston Springs
AA,Tuesday,7:00 PM,Fairfield Glade Group,First Baptist Church,130 Town Centre Dr,Crossville
AA,Tuesday,7:00 PM,Franklin Way of Life,Berry's Chapel Church of Christ,1777 S Berrys Chapel Rd,Franklin
AA,Tuesday,7:00 PM,Freedom From Bondage,First Presbyterian Church,600 N Brittain St,Shelbyville
AA,Tuesday,7:00 PM,G.o.d. (Group Of Drunks),Grace Episcopal Church,5291 Main St,Spring Hill
AA,Tuesday,7:00 PM,GAA (Gallatin AA),165 East Bledsoe St,165 E Bledsoe St,Gallatin
AA,Tuesday,7:00 PM,Happy Hour Group,Serenity House,440 College St,Lewisburg
AA,Tuesday,7:00 PM,Highway To Hope,,604 US-70,Pegram
AA,Tuesday,7:00 PM,Hole in the Doughnut,Fellowship Methodist Church,2511 State Hwy 99,Murfreesboro
AA,Tuesday,7:00 PM,How It Works,,122 S Madison Ave,Cookeville
AA,Tuesday,7:00 PM,Joelton Meeting,Joelton Church of Christ,3541 Old Clarksville Pike,Joelton
AA,Tuesday,7:00 PM,Keep It Simple,St. Matthews Episcopal Church,105 Edgewood Ave,McMinnville
AA,Tuesday,7:00 PM,Key To Sobriety,Celebration Lutheran Church,3425 N Mt Juliet Rd,Mt. Juliet
AA,Tuesday,7:00 PM,Live and Let Live,,122 S Madison Ave,Cookeville
AA,Tuesday,7:00 PM,Mt Juliet Fellowship,Grace United Methodist Church,2905 N Mt Juliet Rd,Mt. Juliet
AA,Tuesday,7:00 PM,Puerto Seguro Reuniones,,184 Akersville Rd,Lafayette
AA,Tuesday,7:00 PM,Pulaski Group,Betterway House,251 Water St,Pulaski
AA,Tuesday,7:00 PM,Ridgetop Basics Group,Luton United Methodist Church,Lutons Cemetery,Goodlettsville
AA,Tuesday,7:00 PM,Shade Tree Group Women,Donelson Church of the Nazarene,208 Donelson Pike,Nashville
AA,Tuesday,7:00 PM,Sparta Fellowship Group,Mary Turner Scott Bldg,180 Janice Dr,Sparta
AA,Tuesday,7:00 PM,The Basement Bunch,Saint Paul's Episcopal Church,315 E Main St,Murfreesboro
AA,Tuesday,7:00 PM,Turning Point,Otter Creek Church,409 Franklin Rd,Brentwood
AA,Tuesday,7:00 PM,United Group,Episcopal Church of Our Saviour,704 Hartsville Pike,Gallatin
AA,Tuesday,7:00 PM,Waynesboro AA,Waynesboro First UMC,311 Hassell St,Waynesboro
AA,Tuesday,7:00 PM,White House Group,Revolution Church,3644 US-31W,White House
AA,Tuesday,7:30 PM,Fairview Group,Westview United Methodist Church,7107 Westview Dr,Fairview
AA,Tuesday,7:30 PM,Gratitude Group,St Bedes Episcopal Church,93 St Bedes Dr,Manchester
AA,Tuesday,7:30 PM,Living the Solution,Bethel Church of the Nazarene,455 Broadmoor Dr,Nashville
AA,Tuesday,7:30 PM,Men's Log Cabin Group,The Annex @ Donelson First,2520 Lebanon Pike,Nashville
AA,Tuesday,7:30 PM,Smyrna Gratitude Group,Smyrna Air Base,298 Fitzhugh Blvd,Smyrna
AA,Tuesday,8:00 PM,Book Study,Friendship House,202 23rd Ave N,Nashville
AA,Tuesday,8:00 PM,Camino A La Sobriedad,,2572 Murfreesboro Pike,Nashville
AA,Tuesday,8:00 PM,Clark Street Group,Melvin Maynard Center,951 Clark St,Clarksville
AA,Tuesday,8:00 PM,Grupo Fuerza Para Vivir,,392 Harding Pl,Nashville
AA,Tuesday,8:00 PM,Grupo Mi Ultima Copa,,3015 Nolensville Pk,Nashville
AA,Tuesday,8:00 PM,Grupo Nashville Sur,,5050 Linbar Dr,Nashville
AA,Tuesday,8:00 PM,Grupo Nuevo Amanecer,,2711 Murfreesboro Pike,Antioch
AA,Tuesday,8:00 PM,Grupo Regreso A Lo Fundamental,,403 Smyrna Square Dr,Smyrna
AA,Tuesday,8:00 PM,Hillsboro Road Group,Woodmont Christian Church,3601 Hillsboro Pike,Nashville
AA,Tuesday,8:00 PM,Lafayette New Hope Group,,907 Sycamore St,Lafayette
AA,Tuesday,8:00 PM,Love and Tolerance,First Presbyterian Church,212 N Mulberry St,Dickson
AA,Tuesday,8:00 PM,New Life Group,St. Timothy Lutheran Church,650 E Main St,Hendersonville
AA,Tuesday,8:00 PM,Nuevo Sendero,,4122 Gallatin Pike,Nashville
AA,Tuesday,8:00 PM,Road To Recovery,Fellowship Bible Church,1725 Columbia Ave Suite 100,Franklin
AA,Tuesday,8:00 PM,Serenity Group,435 S. Molloy Lane,435 Molloy Ln,Murfreesboro
AA,Tuesday,8:00 PM,Transmitelo,907 Madison Square,907 Madison Square,Madison
AA,Tuesday,8:00 PM,Viviendo Sobrio,,4813 Nolensville Pk,Nashville
AA,Tuesday,8:00 PM,Wilson County Friendship,Our House,115 N Greenwood St,Lebanon
AA,Tuesday,8:00 PM,Woodbine Group,Last Stop Club,2122 Utopia Ave,Nashville
AA,Wednesday,6:30 AM,Drunks In The Park,Aspen Grove Church,274 Mallory Station Rd,Franklin
AA,Wednesday,6:30 AM,Out Of The Fog,First United Methodist Church,120 Aldersgate Way,Franklin
AA,Wednesday,6:30 AM,Woodbine Group,Last Stop Club,2122 Utopia Ave,Nashville
AA,Wednesday,7:00 AM,First Things First,Our House,115 N Greenwood St,Lebanon
AA,Wednesday,7:00 AM,Shade Tree Group,Donelson Church of the Nazarene,208 Donelson Pike,Nashville
AA,Wednesday,7:00 AM,Smyrna Gratitude Group,Smyrna Air Base,298 Fitzhugh Blvd,Smyrna
AA,Wednesday,7:00 AM,Sober and Grateful Group,Friendship House,202 23rd Ave N,Nashville
AA,Wednesday,7:00 AM,Sunrisers,5925 OBrien Avenue,5925 Obrien Ave,Nashville
AA,Wednesday,7:00 AM,Thankful Contemplation Group,St Michaels Episcopal Church,640 N Washington Ave,Cookeville
AA,Wednesday,7:30 AM,East Side Sunlighters,Woodland Presbyterian Church,211 N 11th St,Nashville
AA,Wednesday,7:30 AM,Mid-week Meltdown Men,Side Kicks Café,1202 S Graycroft Ave,Madison
AA,Wednesday,7:30 AM,New Day Meeting,St Joseph of Arimathea Episcopal,103 Country Club Dr,Hendersonville
AA,Wednesday,9:00 AM,Out to Breakfast Bunch,Friendship House,202 23rd Ave N,Nashville
AA,Wednesday,9:30 AM,Murfreesboro Group,801 N. Maney Ave,801 N Maney Ave,Murfreesboro
AA,Wednesday,10:00 AM,Pulaski Group,Betterway House,251 Water St,Pulaski
AA,Wednesday,10:00 AM,Sisters In Sobriety,Fourth Dimension Club House,2229 West Ave,Crossville
AA,Wednesday,10:30 AM,Clark Street Group Women,Melvin Maynard Center,951 Clark St,Clarksville
AA,Wednesday,11:00 AM,Any Lengths Group,The Other House Building,407 Park Ave,Lebanon
AA,Wednesday,11:00 AM,New Beginnings Group,Central Christian Church,404 E Main St,Murfreesboro
AA,Wednesday,11:00 AM,You Are Not Alone,Fairview Church of Christ,2001 Fairview Blvd,Fairview
AA,Wednesday,11:30 AM,Davidson Road AA Group,Belle Meade UMC,121 Davidson Rd,Nashville
AA,Wednesday,11:30 AM,Dickson Group,DAFA House,110 S Main St,Dickson
AA,Wednesday,11:30 AM,Out to Lunch Bunch,Friendship House,202 23rd Ave N,Nashville
AA,Wednesday,11:30 AM,Rule 62,Brentwood UMC - Buchanan Annex,329 Franklin Rd,Brentwood
AA,Wednesday,12:00 PM,86'ers,Dalewood UMC,2300 Ridgecrest Dr,Nashville
AA,Wednesday,12:00 PM,AA Meeting - Tullahoma,Serenity House,313 N Collins St,Tullahoma
AA,Wednesday,12:00 PM,As Bill Sees It,Serenity House,440 College St,Lewisburg
AA,Wednesday,12:00 PM,Clark Street Group,Melvin Maynard Center,951 Clark St,Clarksville
AA,Wednesday,12:00 PM,Columbia Group,Friendship House,1113 S High St,Columbia
AA,Wednesday,12:00 PM,Comfort Zone Group,The Oak House,335 Oak St,Kingston Springs
AA,Wednesday,12:00 PM,Crossville Nooners,Fourth Dimension Club House,2229 West Ave,Crossville
AA,Wednesday,12:00 PM,Daily Reprieve,The Fellowship House,206 S College St,Lebanon
AA,Wednesday,12:00 PM,Franklin Group,First United Methodist Church,120 Aldersgate Way,Franklin
AA,Wednesday,12:00 PM,GAA (Gallatin AA),165 East Bledsoe St,165 E Bledsoe St,Gallatin
AA,Wednesday,12:00 PM,High Noon Group,St Joseph of Arimathea Episcopal,103 Country Club Dr,Hendersonville
AA,Wednesday,12:00 PM,House Meeting,Serenity House,102 Harris St,Madison
AA,Wednesday,12:00 PM,Live and Let Live,,122 S Madison Ave,Cookeville
AA,Wednesday,12:00 PM,Mid-day Break Group,Last Stop Club,2122 Utopia Ave,Nashville
AA,Wednesday,12:00 PM,Paris Serenity Group,First Christian Church,101 S Poplar St,Paris
AA,Wednesday,12:00 PM,Pass It On Group,St. Matthews Episcopal Church,105 Edgewood Ave,McMinnville
AA,Wednesday,12:00 PM,Saint A's,St Augustine Chapel,Vanderbilt University,Nashville
AA,Wednesday,12:00 PM,Serenity Group,435 S. Molloy Lane,435 Molloy Ln,Murfreesboro
AA,Wednesday,12:00 PM,Shade Tree Nooners,Donelson Church of the Nazarene,208 Donelson Pike,Nashville
AA,Wednesday,12:00 PM,Shelter In Place,Edwin Warner Park Little Harpeth,86 Vaughn Rd,Nashville
AA,Wednesday,12:00 PM,Smyrna Gratitude Group,Smyrna Air Base,298 Fitzhugh Blvd,Smyrna
AA,Wednesday,12:00 PM,Sobriety First Group,Our House,115 N Greenwood St,Lebanon
AA,Wednesday,12:00 PM,Valley View Ashland City,Cheatham Recovery House,676 S Main St,Ashland City
AA,Wednesday,12:00 PM,Winners & Beginners Group,5925 OBrien Avenue,5925 Obrien Ave,Nashville
AA,Wednesday,12:30 PM,Expect a Miracle Women,The Bridge Church,3005 Parkfield Loop S,Spring Hill
AA,Wednesday,1:00 PM,5x5 Group,Friendship House,202 23rd Ave N,Nashville
AA,Wednesday,1:00 PM,Friends in Recovery,Brentwood UMC - Buchanan Annex,329 Franklin Rd,Brentwood
AA,Wednesday,1:15 PM,Wednesday Living By The Print,Woodmont Hills Church,3710 Franklin Pike,Nashville
AA,Wednesday,3:00 PM,5x5 Group,Friendship House,202 23rd Ave N,Nashville
AA,Wednesday,3:00 PM,Late Lunch Bunch,Concord Road Church of Christ,8221 Concord Rd,Brentwood
AA,Wednesday,5:00 PM,5x5 Group,Friendship House,202 23rd Ave N,Nashville
AA,Wednesday,5:00 PM,Columbia Group,Friendship House,1113 S High St,Columbia
AA,Wednesday,5:00 PM,Happy Hour Group,,122 S Madison Ave,Cookeville
AA,Wednesday,5:30 PM,Murfreesboro Group,801 N. Maney Ave,801 N Maney Ave,Murfreesboro
AA,Wednesday,5:30 PM,Shade Tree Group,Donelson Church of the Nazarene,208 Donelson Pike,Nashville
AA,Wednesday,5:30 PM,Smyrna Gratitude Group,Smyrna Air Base,298 Fitzhugh Blvd,Smyrna
AA,Wednesday,5:30 PM,Valley View Ashland City,Cheatham Recovery House,676 S Main St,Ashland City
AA,Wednesday,5:30 PM,Women In Recovery,5925 OBrien Avenue,5925 Obrien Ave,Nashville
AA,Wednesday,6:00 PM,Against The Grain,Apex Recovery,209 Ward Cir,Brentwood
AA,Wednesday,6:00 PM,By The Book,Unitarian Universalist,3053 Hwy 41a South,Clarksville
AA,Wednesday,6:00 PM,Clark Street Group,Melvin Maynard Center,951 Clark St,Clarksville
AA,Wednesday,6:00 PM,Crossville Group,Fourth Dimension Club House,2229 West Ave,Crossville
AA,Wednesday,6:00 PM,Lawrenceburg Group,City Administration Building,233 W Gaines St,Lawrenceburg
AA,Wednesday,6:00 PM,Lebanon's Literature Study,The Fellowship House,206 S College St,Lebanon
AA,Wednesday,6:00 PM,Music City Happy Hour,5925 OBrien Avenue,5925 Obrien Ave,Nashville
AA,Wednesday,6:00 PM,Page 112 Group,Old Hickory Presbyterian Church,801 Jones St,Old Hickory
AA,Wednesday,6:00 PM,Pikeville Group,First Southern Baptist Church,2827 Main St,Pikeville
AA,Wednesday,6:00 PM,Recovery On The Row,1701 17th Avenue South,1701 17th Ave S,Nashville
AA,Wednesday,6:00 PM,Seeking Sanity Group,,3441 Lebanon Pike,Hermitage
AA,Wednesday,6:00 PM,Serenity Group,435 S. Molloy Lane,435 Molloy Ln,Murfreesboro
AA,Wednesday,6:00 PM,Sobriety First Group,Our House,115 N Greenwood St,Lebanon
AA,Wednesday,6:00 PM,The Primary Purpose,Rolling Hills Hospital Annex,2014 Quail Hollow Cir,Franklin
AA,Wednesday,6:00 PM,Two Ladies and a Coffee Pot,Cumberland Heights,219b Dunbar Cave Rd,Clarksville
AA,Wednesday,6:00 PM,Unity At 6,Last Stop Club,2122 Utopia Ave,Nashville
AA,Wednesday,6:00 PM,You've Been Notified Women,316 White House,2718 Church St,Burns
AA,Wednesday,6:30 PM,Any Lengths Group,The Other House Building,407 Park Ave,Lebanon
AA,Wednesday,6:30 PM,Dickson Group,DAFA House,110 S Main St,Dickson
AA,Wednesday,6:30 PM,District 33 Business Mtg,St Paul's Episcopal Annex,506 Fair St,Franklin
AA,Wednesday,6:30 PM,Every Woman Has A Story,Brentwood First Presbyterian,1301 Franklin Rd,Brentwood
AA,Wednesday,6:30 PM,Franklin 4th BB Study,St Paul's Episcopal Annex,506 Fair St,Franklin
AA,Wednesday,6:30 PM,Free To Be Group,St. Ann's Episcopal Church,419 Woodland St,Nashville
AA,Wednesday,6:30 PM,Harding Road Group,St. George's Episcopal Church,4715 Harding Pike,Nashville
AA,Wednesday,6:30 PM,Liar's Table,Friendship House,202 23rd Ave N,Nashville
AA,Wednesday,6:30 PM,Oak Grove AA,Oak Grove Presbyterian Church,2715 Oak Grove Church Rd,Bethpage
AA,Wednesday,6:30 PM,Paris Fellowship Group,,3530 North Highway 79,Paris
AA,Wednesday,6:30 PM,PPG Franklin,Berry's Chapel Church of Christ,1777 S Berrys Chapel Rd,Franklin
AA,Wednesday,6:30 PM,Recovery Hill Group,UAW Union Hall,125 Stephen P Yokich Pkwy,Spring Hill
AA,Wednesday,6:30 PM,The McEwen No Matter What,Christ Community Church,635 St Patrick St,McEwen
AA,Wednesday,6:30 PM,The Southside Group,Antioch United Methodist Church,2575 Antioch Church Rd,Clarksville
AA,Wednesday,7:00 PM,382 Juggernauts Group,Carthage UMC Church,608 Main St N,Carthage
AA,Wednesday,7:00 PM,AA Meeting - Tullahoma,Serenity House,313 N Collins St,Tullahoma
AA,Wednesday,7:00 PM,Columbia Group,Friendship House,1113 S High St,Columbia
AA,Wednesday,7:00 PM,Dulce Rendicion,,6257 Hwy 76 E,Springfield
AA,Wednesday,7:00 PM,GAA (Gallatin AA),165 East Bledsoe St,165 E Bledsoe St,Gallatin
AA,Wednesday,7:00 PM,Keep It Simple,St. Matthews Episcopal Church,105 Edgewood Ave,McMinnville [cite: 978] (Note: Address from previous citation for same group/location)
AA,Wednesday,7:00 PM,Mid-week Recovery Group,,122 S Madison Ave,Cookeville
AA,Wednesday,7:00 PM,New Faith Group,Glencliff United Methodist Church,2901 Glencliff Rd,Nashville
AA,Wednesday,7:00 PM,Pulaski Group,Betterway House,251 Water St,Pulaski
AA,Wednesday,7:00 PM,Robertson County Group,5th Avenue Uniting Church,200 5th Ave W,Springfield
AA,Wednesday,7:00 PM,Serenity of Surrender,52 Smith Ave,52 Smith Ave,Hohenwald
AA,Wednesday,7:00 PM,The Speakeasy,Otter Creek Church,3534 West End Ave,Nashville
AA,Wednesday,8:00 PM,Camino A La Sobriedad,,2572 Murfreesboro Pike,Nashville
AA,Wednesday,8:00 PM,Clark Street Group,Melvin Maynard Center,951 Clark St,Clarksville
AA,Wednesday,8:00 PM,Donelson Yet Group,Holy Rosary Catholic Church,190 Graylynn Dr,Nashville
AA,Wednesday,8:00 PM,Experience Strength Hope,Cumberland Heights,1531 Hunt Club Blvd #300,Gallatin
AA,Wednesday,8:00 PM,Grupo Fuerza Para Vivir,,392 Harding Pl,Nashville
AA,Wednesday,8:00 PM,Grupo Mi Ultima Copa,,3015 Nolensville Pk,Nashville
AA,Wednesday,8:00 PM,Grupo Nashville Sur,,5050 Linbar Dr,Nashville
AA,Wednesday,8:00 PM,Grupo Nuevo Amanecer,,2711 Murfreesboro Pike,Antioch
AA,Wednesday,8:00 PM,Grupo Regreso A Lo Fundamental,,403 Smyrna Square Dr,Smyrna
AA,Wednesday,8:00 PM,Grupo Volver a Nacer,,2517b Nolensville Pk,Nashville
AA,Wednesday,8:00 PM,Hendersonville Big Book,Indian Lake Peninsula Church,235 Indian Lake Rd,Hendersonville
AA,Wednesday,8:00 PM,New Life Group,The Fellowship House,206 S College St,Lebanon
AA,Wednesday,8:00 PM,Nuevo Sendero,,4122 Gallatin Pike,Nashville
AA,Wednesday,8:00 PM,One Day At A Time,Aldersgate United Methodist Church,512 Rosebank Ave,Nashville
AA,Wednesday,8:00 PM,One Step Closer Group,St Paul's Episcopal Annex,506 Fair St,Franklin
AA,Wednesday,8:00 PM,Open Discussion,Friendship House,202 23rd Ave N,Nashville
AA,Wednesday,8:00 PM,Serenity Group,435 S. Molloy Lane,435 Molloy Ln,Murfreesboro
AA,Wednesday,8:00 PM,Smyrna Gratitude Group,Smyrna Air Base,298 Fitzhugh Blvd,Smyrna
AA,Wednesday,8:00 PM,Sobriety Works,The Fellowship House,206 S College St,Lebanon
AA,Wednesday,8:00 PM,Transmitelo,907 Madison Square,907 Madison Square,Madison
AA,Wednesday,8:00 PM,Twelve Steps To Freedom,Presbyterian Church,E Main St & Harp Ave,Algood
AA,Wednesday,8:00 PM,Viviendo Sobrio,,4813 Nolensville Pk,Nashville
AA,Wednesday,8:00 PM,Woodbine Group,Last Stop Club,2122 Utopia Ave,Nashville
AA,Thursday,6:00 AM,The Morning Coffee Meeting,College Grove UMC,8568 Horton Hwy,College Grove
AA,Thursday,6:30 AM,Drunks In The Park,Aspen Grove Church,274 Mallory Station Rd,Franklin
AA,Thursday,6:30 AM,Out Of The Fog,First United Methodist Church,120 Aldersgate Way,Franklin
AA,Thursday,7:00 AM,First Things First,Our House,115 N Greenwood St,Lebanon
AA,Thursday,7:00 AM,Shade Tree Group,Donelson Church of the Nazarene,208 Donelson Pike,Nashville
AA,Thursday,7:00 AM,Smyrna Gratitude Group,Smyrna Air Base,298 Fitzhugh Blvd,Smyrna
AA,Thursday,7:00 AM,Sober and Grateful Group,Friendship House,202 23rd Ave N,Nashville
AA,Thursday,7:00 AM,Sunrisers,5925 OBrien Avenue,5925 Obrien Ave,Nashville
AA,Thursday,7:00 AM,The Gratitude Hut at Sango,Sango UMC,3301 Sango Rd,Clarksville
AA,Thursday,7:30 AM,East Side Sunlighters,Woodland Presbyterian Church,211 N 11th St,Nashville
AA,Thursday,7:30 AM,First Things First Group,,Zoom,Hendersonville
AA,Thursday,8:00 AM,Fairfield Glade Group,First Baptist Church,130 Town Centre Dr,Crossville
AA,Thursday,8:30 AM,The Stragglers,Brentwood UMC - Buchanan Annex,329 Franklin Rd,Brentwood
AA,Thursday,9:00 AM,Daily Reprieve,The Fellowship House,206 S College St,Lebanon
AA,Thursday,9:00 AM,Out to Breakfast Bunch,Friendship House,202 23rd Ave N,Nashville
AA,Thursday,9:30 AM,Murfreesboro Group,,801 N Maney Ave,Murfreesboro
AA,Thursday,10:00 AM,Pulaski Group,Betterway House,251 Water St,Pulaski
AA,Thursday,10:00 AM,Searchers,Cumberland Heights,1531 Hunt Club Blvd #300,Gallatin
AA,Thursday,10:30 AM,Brunch Bunch Women,Unitarian Universalist,3053 Hwy 41A S,Clarksville
AA,Thursday,11:00 AM,Any Lengths Group,The Other House Building,407 Park Ave,Lebanon
AA,Thursday,11:00 AM,NOW Women's Group,Friendship House,202 23rd Ave N,Nashville
AA,Thursday,11:30 AM,Davidson Road AA Group,Belle Meade UMC,121 Davidson Rd,Nashville
AA,Thursday,11:30 AM,Dickson Group,DAFA House,110 S Main St,Dickson
AA,Thursday,11:30 AM,Out to Lunch Bunch,Friendship House,202 23rd Ave N,Nashville
AA,Thursday,12:00 PM,86'ers,Dalewood UMC,2300 Ridgecrest Dr,Nashville
AA,Thursday,12:00 PM,Brown Bag Group,St Thomas Aquinas Catholic Church,421 N Washington Ave,Cookeville
AA,Thursday,12:00 PM,Clark Street Group,Melvin Maynard Center,951 Clark St,Clarksville
AA,Thursday,12:00 PM,Columbia Group,Friendship House,1113 S High St,Columbia
AA,Thursday,12:00 PM,Crossville Nooners,Fourth Dimension Club House,2229 West Ave,Crossville
AA,Thursday,12:00 PM,Franklin Group,First United Methodist Church,120 Aldersgate Way,Franklin
AA,Thursday,12:00 PM,GAA (Gallatin AA),,165 E Bledsoe St,Gallatin
AA,Thursday,12:00 PM,Grateful Grove,College Grove UMC,8568 Horton Hwy,College Grove
AA,Thursday,12:00 PM,Hermitage Women's Group,Hermitage Presbyterian Church,421 Highland View Dr,Hermitage
AA,Thursday,12:00 PM,High Noon Group,St Joseph of Arimathea Episcopal,103 Country Club Dr,Hendersonville
AA,Thursday,12:00 PM,House Meeting,Serenity House,102 Harris St,Madison
AA,Thursday,12:00 PM,Mid-day Break Group,Last Stop Club,2122 Utopia Ave,Nashville
AA,Thursday,12:00 PM,Paris Serenity Group,First Christian Church,101 S Poplar St,Paris
AA,Thursday,12:00 PM,Pass It On Group,St. Matthews Episcopal Church,105 Edgewood Ave,McMinnville
AA,Thursday,12:00 PM,Saturday Night Alive,Serenity House,313 N Collins St,Tullahoma
AA,Thursday,12:00 PM,Serenity Group,435 S. Molloy Lane,435 Molloy Ln,Murfreesboro
AA,Thursday,12:00 PM,Shade Tree Nooners,Donelson Church of the Nazarene,208 Donelson Pike,Nashville
AA,Thursday,12:00 PM,Smyrna Gratitude Group,Smyrna Air Base,298 Fitzhugh Blvd,Smyrna
AA,Thursday,12:00 PM,Sobriety First Group,Our House,115 N Greenwood St,Lebanon
AA,Thursday,12:00 PM,Winners & Beginners Group,5925 OBrien Avenue,5925 Obrien Ave,Nashville
AA,Thursday,12:30 PM,Ruts Meeting,UAW Union Hall,125 Stephen P Yokich Pkwy,Spring Hill
AA,Thursday,1:00 PM,5x5 Group,Friendship House,202 23rd Ave N,Nashville
AA,Thursday,1:00 PM,Friends In Recovery,,Zoom,Brentwood
AA,Thursday,3:00 PM,5x5 Group,Friendship House,202 23rd Ave N,Nashville
AA,Thursday,3:00 PM,Late Lunch Bunch,Concord Road Church of Christ,8221 Concord Rd,Brentwood
AA,Thursday,5:00 PM,2 or More,Belmont UMC,2007 Acklen Ave,Nashville
AA,Thursday,5:00 PM,5x5 Group,Friendship House,202 23rd Ave N,Nashville
AA,Thursday,5:00 PM,Happy Hour Group,,122 S Madison Ave,Cookeville
AA,Thursday,5:00 PM,The Dunlap Fellowship,Dunlap UMC,1958 Main St,Dunlap
AA,Thursday,5:00 PM,Tranquility Eleventh Step,Homestead Methodist Church,295 TN-68,Crossville
AA,Thursday,5:30 PM,A New Freedom,Serenity House,313 N Collins St,Tullahoma
AA,Thursday,5:30 PM,H.O.W.W. Women's Group,Last Stop Club,2122 Utopia Ave,Nashville
AA,Thursday,5:30 PM,Murfreesboro Group,,801 N Maney Ave,Murfreesboro
AA,Thursday,5:30 PM,Music Row Group,Musicians Union,11 Music Cir N,Nashville
AA,Thursday,5:30 PM,Porters Chapel Group,Porters Chapel UMC,7257 Polk Ln,Columbia
AA,Thursday,5:30 PM,Shade Tree Group,Donelson Church of the Nazarene,208 Donelson Pike,Nashville
AA,Thursday,5:30 PM,Smyrna Gratitude Group,Smyrna Air Base,298 Fitzhugh Blvd,Smyrna
AA,Thursday,5:30 PM,Valley View Ashland City,Cheatham Recovery House,676 S Main St,Ashland City
AA,Thursday,6:00 PM,Came To Believe,First Presbyterian Church,101 Legends Club Ln,Franklin
AA,Thursday,6:00 PM,CARES,First United Methodist Church,265 W Thompson Ln,Murfreesboro
AA,Thursday,6:00 PM,Clark Street Group,Melvin Maynard Center,951 Clark St,Clarksville
AA,Thursday,6:00 PM,Higher Ground Group,The Village Church,7224 Old Burkitt Rd,Nashville
AA,Thursday,6:00 PM,One Chapter at a Time,Luton UMC,Lutons Cemetery,Goodlettsville
AA,Thursday,6:00 PM,Progress Not Perfection Women,Celebration Lutheran Church,3425 N Mt Juliet Rd,Mt. Juliet
AA,Thursday,6:00 PM,Safe Harbor Group,St. Bethlehem Christian Church,280 Dunbar Cave Rd,Clarksville
AA,Thursday,6:00 PM,Serenity Group,435 S. Molloy Lane,435 Molloy Ln,Murfreesboro
AA,Thursday,6:00 PM,Serenity Group,Fourth Dimension Club House,2229 West Ave,Crossville
AA,Thursday,6:00 PM,Sobriety First Group,Our House,115 N Greenwood St,Lebanon
AA,Thursday,6:00 PM,Unity At 6,Last Stop Club,2122 Utopia Ave,Nashville
AA,Thursday,6:00 PM,Women's Lost and Found,Brentwood Hills Church of Christ,5120 Franklin Pike,Nashville
AA,Thursday,6:15 PM,You Are Not Alone,Fairview Nutrition,2671 Fairview Blvd W #106,Fairview
AA,Thursday,6:30 PM,A Second Surrender Men,Brenthaven Cumberland Presbyterian,516 Franklin Rd,Brentwood
AA,Thursday,6:30 PM,Any Lengths Group,The Other House Building,407 Park Ave,Lebanon
AA,Thursday,6:30 PM,By The Book Group,,Zoom,Dickson
AA,Thursday,6:30 PM,Dickson Group,DAFA House,110 S Main St,Dickson
AA,Thursday,6:30 PM,Jaywalkers Men,First Baptist Church,200 E Main St,Murfreesboro
AA,Thursday,6:30 PM,Kick-Off Isn't Until 7:00pm,Williamson Medical Center,4321 Carothers Pkwy,Franklin
AA,Thursday,6:30 PM,Lafayette New Hope Women,,907 Sycamore St,Lafayette
AA,Thursday,6:30 PM,Living The Principles Men,St. George's Episcopal Church,104 Belle Meade Blvd,Belle Meade
AA,Thursday,6:30 PM,Nipper's Corner Meeting,Christ Church Nashville,15354 Old Hickory Blvd,Nashville
AA,Thursday,6:30 PM,Old Time AA Group,Church Of The Nazarene,407 N Water Ave,Gallatin
AA,Thursday,6:30 PM,Open Discussion,Friendship House,202 23rd Ave N,Nashville
AA,Thursday,6:30 PM,Paris Fellowship Group Men,,3530 US-79,Paris
AA,Thursday,6:30 PM,Spring Hill Group Men,Faith Lutheran Church,2640 Buckner Rd,Thompson Station
AA,Thursday,6:30 PM,Spring Hill Group Women,Faith Lutheran Church,2640 Buckner Rd,Thompson Station
AA,Thursday,6:30 PM,Women's Kitchen Table,Fellowship Methodist Church,2511 State Hwy 99,Murfreesboro
AA,Thursday,6:30 PM,XY Men's Meeting,St Joseph of Arimathea Episcopal,103 Country Club Dr,Hendersonville
AA,Thursday,7:00 PM,Centerville Group,Twomey Church of Christ,65 TN-100,Centerville
AA,Thursday,7:00 PM,Chapel Hill New Life,Chapel Hill UMC,316 Nashville Hwy,Chapel Hill
AA,Thursday,7:00 PM,Columbia Group,Friendship House,1113 S High St,Columbia
AA,Thursday,7:00 PM,Comfort Zone Group,The Oak House,335 Oak St,Kingston Springs
AA,Thursday,7:00 PM,Design For Living,Hillsboro Church of Christ,5800 Hillsboro Pike,Nashville
AA,Thursday,7:00 PM,East Side Men's Stag,Woodland Presbyterian Church,211 N 11th St,Nashville
AA,Thursday,7:00 PM,Fayetteville Group,St Marys Episcopal Church,106 Washington St E,Fayetteville
AA,Thursday,7:00 PM,Franklin Way of Life,Berry's Chapel Church of Christ,1777 S Berrys Chapel Rd,Franklin
AA,Thursday,7:00 PM,Freedom From Bondage,First Presbyterian Church,600 N Brittain St,Shelbyville
AA,Thursday,7:00 PM,How It Works Men,,122 S Madison Ave,Cookeville
AA,Thursday,7:00 PM,Keep It Simple,St. Matthews Episcopal Church,105 Edgewood Ave,McMinnville
AA,Thursday,7:00 PM,Legacy Group,Serenity House,313 N Collins St,Tullahoma
AA,Thursday,7:00 PM,Lewisburg Unity Group,Parkview Baptist Church,1380 W Ellington Pkwy,Lewisburg
AA,Thursday,7:00 PM,Livingston Group,Windfall Building,215 E Main St,Livingston
AA,Thursday,7:00 PM,Mt Juliet Fellowship Group,Grace United Methodist Church,2905 N Mt Juliet Rd,Mt. Juliet
AA,Thursday,7:00 PM,Murfreesboro Group,,801 N Maney Ave,Murfreesboro
AA,Thursday,7:00 PM,Nashville West,St. John's United Methodist Church,6300 Charlotte Ave,Nashville
AA,Thursday,7:00 PM,Puerto Seguro Reuniones,,184 Akersville Rd,Lafayette
AA,Thursday,7:00 PM,Pulaski Group,Betterway House,251 Water St,Pulaski
AA,Thursday,7:00 PM,Right Direction Group,Mill Creek Church of Christ,7260 Nolensville Rd,Nolensville
AA,Thursday,7:00 PM,Rushh Hour,Kroger Marketplace,4726 Traders Way,Thompson Station
AA,Thursday,7:00 PM,Sparta Fellowship Group,Mary Turner Scott Bldg,180 Janice Dr,Sparta
AA,Thursday,7:00 PM,Turning Point,Otter Creek Church,409 Franklin Rd,Brentwood
AA,Thursday,7:00 PM,United Group,Episcopal Church of Our Saviour,704 Hartsville Pike,Gallatin
AA,Thursday,7:00 PM,Weekenders Big Book Study,The Home Church,3511 Gallatin Pike,Nashville
AA,Thursday,7:00 PM,White Bluff Meeting,Crossroads Church of God,1002 Claylick Rd,White Bluff
AA,Thursday,7:00 PM,White House Group,Revolution Church,3644 US-31W,White House
AA,Thursday,7:00 PM,Winchester Group,First Methodist Church,100 S Jefferson St,Winchester
AA,Thursday,7:30 PM,3 Legacies Group,Cumberland Presbyterian Church,522 Castle Heights Ave,Lebanon
AA,Thursday,7:30 PM,Fairview Group,Westview United Methodist Church,7107 Westview Dr,Fairview
AA,Thursday,7:30 PM,Gratitude Group,St Bedes Episcopal Church,93 St Bedes Dr,Manchester
AA,Thursday,7:30 PM,Lambda Group,Trinity Presbyterian Church,3201 Hillsboro Pike,Nashville
AA,Thursday,8:00 PM,805 Group,Old Hickory UMC,1216 Hadley Ave,Old Hickory
AA,Thursday,8:00 PM,Book Study,Friendship House,202 23rd Ave N,Nashville
AA,Thursday,8:00 PM,Camino A La Sobriedad,,2572 Murfreesboro Pike,Nashville
AA,Thursday,8:00 PM,Clark Street Group,Melvin Maynard Center,951 Clark St,Clarksville
AA,Thursday,8:00 PM,Clark Street LGBTQ Group,Melvin Maynard Center,951 Clark St,Clarksville
AA,Thursday,8:00 PM,East Nashville Group,Holy Name Parish Center,508 Main St,Nashville
AA,Thursday,8:00 PM,Grupo Fuerza Para Vivir,,392 Harding Pl,Nashville
AA,Thursday,8:00 PM,Grupo Mi Ultima Copa,,3015 Nolensville Pk,Nashville
AA,Thursday,8:00 PM,Grupo Nashville Sur,,5050 Linbar Dr,Nashville
AA,Thursday,8:00 PM,Grupo Nuevo Amanecer,,2711 Murfreesboro Pike,Antioch
AA,Thursday,8:00 PM,Grupo Regreso A Lo Fundamental,,403 Smyrna Square Dr,Smyrna
AA,Thursday,8:00 PM,Hillsboro Road Group,Woodmont Christian Church,3601 Hillsboro Pike,Nashville
AA,Thursday,8:00 PM,Love and Tolerance,First Presbyterian Church,212 N Mulberry St,Dickson
AA,Thursday,8:00 PM,Nuevo Sendero,,4122 Gallatin Pike,Nashville
AA,Thursday,8:00 PM,REBOS,Community Church of Hendersonville,381 W Main St,Hendersonville
AA,Thursday,8:00 PM,Serenity Group,435 S. Molloy Lane,435 Molloy Ln,Murfreesboro
AA,Thursday,8:00 PM,Smyrna Gratitude Group,Smyrna Air Base,298 Fitzhugh Blvd,Smyrna
AA,Thursday,8:00 PM,Transmitelo,907 Madison Square,907 Madison Square,Madison
AA,Thursday,8:00 PM,Viviendo Sobrio,,4813 Nolensville Pk,Nashville
AA,Thursday,8:00 PM,Wilson County Friendship,Our House,115 N Greenwood St,Lebanon
AA,Thursday,8:00 PM,Wombley's Clapboard Factory,,Zoom,Nashville
AA,Thursday,8:00 PM,Woodbine Group,Last Stop Club,2122 Utopia Ave,Nashville
AA,Friday,6:30 AM,Drunks In The Park,Aspen Grove Church,274 Mallory Station Rd,Franklin
AA,Friday,6:30 AM,Out Of The Fog,First United Methodist Church,120 Aldersgate Way,Franklin
AA,Friday,7:00 AM,First Things First,Our House,115 N Greenwood St,Lebanon
AA,Friday,7:00 AM,Shade Tree Group,Donelson Church of the Nazarene,208 Donelson Pike,Nashville
AA,Friday,7:00 AM,Smyrna Gratitude Group,Smyrna Air Base,298 Fitzhugh Blvd,Smyrna
AA,Friday,7:00 AM,Sober and Grateful Group,Friendship House,202 23rd Ave N,Nashville
AA,Friday,7:00 AM,Sunrisers,5925 OBrien Avenue,5925 Obrien Ave,Nashville
AA,Friday,7:00 AM,Thankful Contemplation Group,St Michaels Episcopal Church,640 N Washington Ave,Cookeville
AA,Friday,7:30 AM,East Side Sunlighters,Woodland Presbyterian Church,211 N 11th St,Nashville
AA,Friday,7:30 AM,First Things First Group,,Zoom,Hendersonville
AA,Friday,7:30 AM,New Day Meeting,St Joseph of Arimathea Episcopal,103 Country Club Dr,Hendersonville
AA,Friday,9:00 AM,Out to Breakfast Bunch,Friendship House,202 23rd Ave N,Nashville
AA,Friday,9:30 AM,Murfreesboro Group,,801 N Maney Ave,Murfreesboro
AA,Friday,10:00 AM,Pulaski Group,Betterway House,251 Water St,Pulaski
AA,Friday,11:00 AM,Any Lengths Group,The Other House Building,407 Park Ave,Lebanon
AA,Friday,11:30 AM,Davidson Road AA Group,Belle Meade UMC,121 Davidson Rd,Nashville
AA,Friday,11:30 AM,Dickson Group,DAFA House,110 S Main St,Dickson
AA,Friday,11:30 AM,Out to Lunch Bunch,Friendship House,202 23rd Ave N,Nashville
AA,Friday,11:30 AM,Pay Day Women's Group,Pegram United Methodist Church,479 Thompson Rd,Pegram
AA,Friday,11:30 AM,Rule 62,Brentwood UMC - Buchanan Annex,329 Franklin Rd,Brentwood
AA,Friday,12:00 PM,AA Meeting - Tullahoma,Serenity House,313 N Collins St,Tullahoma
AA,Friday,12:00 PM,Clark Street Group,Melvin Maynard Center,951 Clark St,Clarksville
AA,Friday,12:00 PM,Columbia Group,Friendship House,1113 S High St,Columbia
AA,Friday,12:00 PM,Crossville Nooners,Fourth Dimension Club House,2229 West Ave,Crossville
AA,Friday,12:00 PM,Daily Reprieve,The Fellowship House,206 S College St,Lebanon
AA,Friday,12:00 PM,Franklin Group,First United Methodist Church,120 Aldersgate Way,Franklin
AA,Friday,12:00 PM,GAA (Gallatin AA),,165 E Bledsoe St,Gallatin
AA,Friday,12:00 PM,High Noon Group,St Joseph of Arimathea Episcopal,103 Country Club Dr,Hendersonville
AA,Friday,12:00 PM,House Meeting,Serenity House,102 Harris St,Madison
AA,Friday,12:00 PM,Joe & Charlie Big Book,Serenity House,440 College St,Lewisburg
AA,Friday,12:00 PM,Live and Let Live,,122 S Madison Ave,Cookeville
AA,Friday,12:00 PM,Mid-day Break Group,Last Stop Club,2122 Utopia Ave,Nashville
AA,Friday,12:00 PM,Paris Serenity Group,First Christian Church,101 S Poplar St,Paris
AA,Friday,12:00 PM,Pass It On Group,St. Matthews Episcopal Church,105 Edgewood Ave,McMinnville
AA,Friday,12:00 PM,Serenity and Strength,,Zoom,Clarksville
AA,Friday,12:00 PM,Serenity Group,435 S. Molloy Lane,435 Molloy Ln,Murfreesboro
AA,Friday,12:00 PM,Shade Tree Nooners,Donelson Church of the Nazarene,208 Donelson Pike,Nashville
AA,Friday,12:00 PM,Smyrna Gratitude Group,Smyrna Air Base,298 Fitzhugh Blvd,Smyrna
AA,Friday,12:00 PM,Sobriety First Group,Our House,115 N Greenwood St,Lebanon
AA,Friday,12:00 PM,Valley View Ashland City,Cheatham Recovery House,676 S Main St,Ashland City
AA,Friday,12:00 PM,Winners & Beginners Group,5925 OBrien Avenue,5925 Obrien Ave,Nashville
AA,Friday,12:00 PM,Women's Literature Meeting,Vine Street Christian Church,4101 Harding Pike,Nashville
AA,Friday,12:30 PM,The Spring Hill NOON:30,The Bridge Church,3005 Parkfield Loop S,Spring Hill
AA,Friday,1:00 PM,5x5 Group,Friendship House,202 23rd Ave N,Nashville
AA,Friday,1:00 PM,Friends in Recovery,Brentwood UMC - Buchanan Annex,329 Franklin Rd,Brentwood
AA,Friday,1:00 PM,Late Lunch Bunch,Concord Road Church of Christ,8221 Concord Rd,Brentwood
AA,Friday,1:00 PM,The Shelbyville Group,First Presbyterian Church,600 N Brittain St,Shelbyville
AA,Friday,3:00 PM,5x5 Group,Friendship House,202 23rd Ave N,Nashville
AA,Friday,5:00 PM,5x5 Group,Friendship House,202 23rd Ave N,Nashville
AA,Friday,5:00 PM,Columbia Group,Friendship House,1113 S High St,Columbia
AA,Friday,5:00 PM,Happy Hour Group,,122 S Madison Ave,Cookeville
AA,Friday,5:30 PM,Murfreesboro Group,,801 N Maney Ave,Murfreesboro
AA,Friday,5:30 PM,Shade Tree Group,Donelson Church of the Nazarene,208 Donelson Pike,Nashville
AA,Friday,5:30 PM,Smyrna Gratitude Group,Smyrna Air Base,298 Fitzhugh Blvd,Smyrna
AA,Friday,5:30 PM,Valley View Ashland City,Cheatham Recovery House,676 S Main St,Ashland City
AA,Friday,6:00 PM,Clark Street Group,Melvin Maynard Center,951 Clark St,Clarksville
AA,Friday,6:00 PM,Crossville Group,Fourth Dimension Club House,2229 West Ave,Crossville
AA,Friday,6:00 PM,Happy Destiny,,200 E Cedar St,Goodlettsville
AA,Friday,6:00 PM,Lawrenceburg Group,City Administration Building,233 W Gaines St,Lawrenceburg
AA,Friday,6:00 PM,Music City Happy Hour,5925 OBrien Avenue,5925 Obrien Ave,Nashville
AA,Friday,6:00 PM,No Format Format Men,Melvin Maynard Center,951 Clark St,Clarksville
AA,Friday,6:00 PM,Northside Group,Cumberland Presbyterian,1307 Fort Campbell Blvd,Clarksville
AA,Friday,6:00 PM,Safe Harbor Group,St. Bethlehem Christian Church,280 Dunbar Cave Rd,Clarksville
AA,Friday,6:00 PM,Sango Solutions Group,Sango UMC,3301 Sango Rd,Clarksville
AA,Friday,6:00 PM,Serenity Group,435 S. Molloy Lane,435 Molloy Ln,Murfreesboro
AA,Friday,6:00 PM,Sobriety First Group,Our House,115 N Greenwood St,Lebanon
AA,Friday,6:00 PM,Spiritual Warfare,Woodland Presbyterian Church,211 N 11th St,Nashville
AA,Friday,6:00 PM,Unity At 6,Last Stop Club,2122 Utopia Ave,Nashville
AA,Friday,6:30 PM,Any Lengths Group,The Other House Building,407 Park Ave,Lebanon
AA,Friday,6:30 PM,Brentwood Full Moon Group,Otter Creek Church,409 Franklin Rd,Brentwood
AA,Friday,6:30 PM,Dickson Group,DAFA House,110 S Main St,Dickson
AA,Friday,6:30 PM,East Hickman AA,Wrigley Church of God,7703 Grover Vaughn Rd,Lyles
AA,Friday,6:30 PM,Friday Night Live,Fountain Head Church of Christ,290 Fountainhead Rd,Portland
AA,Friday,6:30 PM,Friday Night Tailgate Women,Brenthaven Cumberland Presbyterian,516 Franklin Rd,Brentwood
AA,Friday,6:30 PM,Leipers Fork 11th Step,Hillsboro United Methodist Church,5313 Old Hwy 96,Franklin
AA,Friday,6:30 PM,Men's Stag,Friendship House,202 23rd Ave N,Nashville
AA,Friday,6:30 PM,Paris Fellowship Group,,3530 US-79,Paris
AA,Friday,6:30 PM,We Came To Believe,The Spot,108 Ward Ave E,Carthage
AA,Friday,6:30 PM,WOW Women of Worth,Friendship House,202 23rd Ave N,Nashville
AA,Friday,7:00 PM,Action Now Women,Episcopal Church of the Redeemer,203 E Lane St,Shelbyville
AA,Friday,7:00 PM,Columbia Group,Friendship House,1113 S High St,Columbia
AA,Friday,7:00 PM,Dulce Rendicion,,6257 Hwy 76 E,Springfield
AA,Friday,7:00 PM,Easy Does It Group,Celebration Lutheran Church,3425 N Mt Juliet Rd,Mt. Juliet
AA,Friday,7:00 PM,G.o.d. (Group Of Drunks),Grace Episcopal Church,5291 Main St,Spring Hill
AA,Friday,7:00 PM,GAA (Gallatin AA),,165 E Bledsoe St,Gallatin
AA,Friday,7:00 PM,Gladeville Gratitude,75 McCrary Rd,75 McCrary Rd,Gladeville
AA,Friday,7:00 PM,Happy Hour Group,Serenity House,440 College St,Lewisburg
AA,Friday,7:00 PM,Huntland Group,Community Center/City Hall,100 Cumberland Blvd,Huntland
AA,Friday,7:00 PM,Jamestown Group,Clearview House,201 Fairgrounds Rd,Jamestown
AA,Friday,7:00 PM,Monterey Friday Night,New VFW Bldg,45 S Poplar St,Monterey
AA,Friday,7:00 PM,Next Gin,5925 OBrien Avenue,5925 Obrien Ave,Nashville
AA,Friday,7:00 PM,One Step Closer Group,St Paul's Episcopal Annex,506 Fair St,Franklin
AA,Friday,7:00 PM,Pay Day Group,Pegram United Methodist Church,479 Thompson Rd,Pegram
AA,Friday,7:00 PM,Portland United Group,Nazarene Church,409 S Russell St,Portland
AA,Friday,7:00 PM,Puerto Seguro Reuniones,,184 Akersville Rd,Lafayette
AA,Friday,7:00 PM,Pulaski Group,Betterway House,251 Water St,Pulaski
AA,Friday,7:00 PM,Robertson County Group,5th Avenue Uniting Church,200 5th Ave W,Springfield
AA,Friday,7:00 PM,Searchers,Cumberland Heights,1531 Hunt Club Blvd #300,Gallatin
AA,Friday,7:00 PM,The Basement Bunch,Saint Paul's Episcopal Church,315 E Main St,Murfreesboro
AA,Friday,7:00 PM,Trinity Group,Serenity House,313 N Collins St,Tullahoma
AA,Friday,7:00 PM,Weekend Recovery Group,,122 S Madison Ave,Cookeville
AA,Friday,7:00 PM,West Nashville Group,Brook Hollow Baptist Church,678 Brook Hollow Rd,Nashville
AA,Friday,7:00 PM,Women's Speaker Meeting,Glendale United Methodist Church,900 Glendale Ln,Nashville
AA,Friday,7:30 PM,Friday Night Prime Time,Brentwood UMC - Buchanan Annex,329 Franklin Rd,Brentwood
AA,Friday,7:30 PM,The 4th Dimension Group,Cumberland Heights,219b Dunbar Cave Rd,Clarksville
AA,Friday,8:00 PM,Camino A La Sobriedad,,2572 Murfreesboro Pike,Nashville
AA,Friday,8:00 PM,Clark Street Group,Melvin Maynard Center,951 Clark St,Clarksville
AA,Friday,8:00 PM,Donelson Yet Group,Holy Rosary Catholic Church,190 Graylynn Dr,Nashville
AA,Friday,8:00 PM,Grupo Fuerza Para Vivir,,392 Harding Pl,Nashville
AA,Friday,8:00 PM,Grupo Mi Ultima Copa,,3015 Nolensville Pk,Nashville
AA,Friday,8:00 PM,Grupo Nashville Sur,,5050 Linbar Dr,Nashville
AA,Friday,8:00 PM,Grupo Nuevo Amanecer,,2711 Murfreesboro Pike,Antioch
AA,Friday,8:00 PM,Grupo Regreso A Lo Fundamental,,403 Smyrna Square Dr,Smyrna
AA,Friday,8:00 PM,Grupo Volver a Nacer,,2517b Nolensville Pk,Nashville
AA,Friday,8:00 PM,Lafayette New Hope Group,,907 Sycamore St,Lafayette
AA,Friday,8:00 PM,Last House on the Block,Friendship House,202 23rd Ave N,Nashville
AA,Friday,8:00 PM,Murfreesboro Group,,801 N Maney Ave,Murfreesboro
AA,Friday,8:00 PM,New Life Group,St. Timothy Lutheran Church,650 E Main St,Hendersonville
AA,Friday,8:00 PM,New Life Group,The Fellowship House,206 S College St,Lebanon
AA,Friday,8:00 PM,Nuevo Sendero,,4122 Gallatin Pike,Nashville
AA,Friday,8:00 PM,Serenity Group,435 S. Molloy Lane,435 Molloy Ln,Murfreesboro
AA,Friday,8:00 PM,Smyrna Gratitude Group,Smyrna Air Base,298 Fitzhugh Blvd,Smyrna
AA,Friday,8:00 PM,Sobriety Works,The Fellowship House,206 S College St,Lebanon
AA,Friday,8:00 PM,Transmitelo,907 Madison Square,907 Madison Square,Madison
AA,Friday,8:00 PM,Viviendo Sobrio,,4813 Nolensville Pk,Nashville
AA,Friday,8:00 PM,Waverly-Belmont Group,Christ the King Church,3001 Belmont Blvd,Nashville
AA,Friday,8:00 PM,Woodbine Group,Last Stop Club,2122 Utopia Ave,Nashville
AA,Friday,10:00 PM,Any Lengths Group,The Other House Building,407 Park Ave,Lebanon
AA,Friday,11:59 PM,Nashville Midnight Meeting,Last Stop Club,2122 Utopia Ave,Nashville
AA,Saturday,6:30 AM,Drunks In The Park,Aspen Grove Church,274 Mallory Station Rd,Franklin
AA,Saturday,6:30 AM,Out Of The Fog,Pinkerton Park,405 Murfreesboro Rd,Franklin
AA,Saturday,7:00 AM,First Things First,Our House,115 N Greenwood St,Lebanon
AA,Saturday,7:00 AM,Live and Let Live,,122 S Madison Ave,Cookeville
AA,Saturday,7:00 AM,Shade Tree Group,Donelson Church of the Nazarene,208 Donelson Pike,Nashville
AA,Saturday,7:00 AM,Smyrna Gratitude Group,Smyrna Air Base,298 Fitzhugh Blvd,Smyrna
AA,Saturday,7:00 AM,Sober and Grateful Group,Friendship House,202 23rd Ave N,Nashville
AA,Saturday,7:00 AM,Sunrisers,5925 OBrien Avenue,5925 Obrien Ave,Nashville
AA,Saturday,7:00 AM,The Gratitude Hut at Sango,Sango UMC,3301 Sango Rd,Clarksville
AA,Saturday,7:30 AM,East Side Sunlighters,Woodland Presbyterian Church,211 N 11th St,Nashville
AA,Saturday,7:30 AM,First Things First Group,Community Church of Hendersonville,381 W Main St,Hendersonville
AA,Saturday,8:00 AM,Chicken Pluckers Too Men,First Presbyterian Church,101 Legends Club Ln,Franklin
AA,Saturday,8:00 AM,Fairfield Glade Group,Christ Lutheran Church,481 Snead Dr,Crossville
AA,Saturday,8:00 AM,FOB Women's Meeting,,Zoom,Nashville
AA,Saturday,8:00 AM,On Awakening Men's,Holy Family Catholic Church,9100 Crockett Rd,Brentwood
AA,Saturday,8:00 AM,Saturday Women's Serenity,Cumberland Heights Outpatient,7105 Crossroads Blvd,Brentwood
AA,Saturday,8:00 AM,The Chicken Pluckers Men,Christ Community Church,1215 Hillsboro Rd,Franklin
AA,Saturday,8:30 AM,Back To The Big Book,St. Mark's UMC,1267 N Rutherford Blvd,Murfreesboro
AA,Saturday,8:30 AM,Dover AA Group,Dover Senior Citizens Center,111 General Rice St,Dover
AA,Saturday,8:30 AM,Drop The Rock Group Men,Celtic Club,106 N Anderson St,Tullahoma
AA,Saturday,8:30 AM,The Stragglers,Brentwood UMC - Buchanan Annex,329 Franklin Rd,Brentwood
AA,Saturday,9:00 AM,Back Room Group,5925 OBrien Avenue,5925 Obrien Ave,Nashville
AA,Saturday,9:00 AM,Fayetteville Group,West End Baptist Church,200 Morgan Ave N,Fayetteville
AA,Saturday,9:00 AM,Franklin Men's Group,St Paul's Episcopal Annex,506 Fair St,Franklin
AA,Saturday,9:00 AM,Key To Sobriety,Celebration Lutheran Church,3425 N Mt Juliet Rd,Mt. Juliet
AA,Saturday,9:00 AM,Out to Breakfast Bunch,Friendship House,202 23rd Ave N,Nashville
AA,Saturday,9:00 AM,Plain and Simple,Mount Carmel Baptist Church,7109 TN-25,Cross Plains
AA,Saturday,9:00 AM,Sobriety-serenity-service,Hermitage UMC,205 Belinda Dr,Hermitage
AA,Saturday,9:00 AM,The Dunlap Fellowship,Dunlap UMC,1958 Main St,Dunlap
AA,Saturday,9:00 AM,Women In Recovery,Serenity House,313 N Collins St,Tullahoma
AA,Saturday,9:30 AM,Murfreesboro Group,,801 N Maney Ave,Murfreesboro
AA,Saturday,10:00 AM,East Side Saturday,St. Ann's Episcopal Church,419 Woodland St,Nashville
AA,Saturday,10:00 AM,Friends of Bill Lake Tansi,Tansi Community Church,2067 Cravens Dr,Crossville
AA,Saturday,10:00 AM,Keep It Simple,Holy Trinity Lutheran Church,525 Sneed Rd W,Nashville
AA,Saturday,10:00 AM,Living By The Print,Glen Leven Presbyterian Church,3906 Franklin Pike,Nashville
AA,Saturday,10:00 AM,Pulaski Group,Betterway House,251 Water St,Pulaski
AA,Saturday,10:00 AM,Robertson County Group,5th Avenue Uniting Church,200 5th Ave W,Springfield
AA,Saturday,10:00 AM,Safe Harbor Group,St. Bethlehem Christian Church,280 Dunbar Cave Rd,Clarksville
AA,Saturday,10:00 AM,Searchers,Cumberland Heights,1531 Hunt Club Blvd #300,Gallatin
AA,Saturday,10:00 AM,Shade Tree Group,Donelson Church of the Nazarene,208 Donelson Pike,Nashville
AA,Saturday,10:00 AM,Shelter In Place,Edwin Warner Park Little Harpeth,86 Vaughn Rd,Nashville
AA,Saturday,10:00 AM,Sobriety First Group,Our House,115 N Greenwood St,Lebanon
AA,Saturday,10:00 AM,There is a Solution Women,,122 S Madison Ave,Cookeville
AA,Saturday,10:30 AM,Back Room Group,5925 OBrien Avenue,5925 Obrien Ave,Nashville
AA,Saturday,10:30 AM,Comfort Zone Group,The Oak House,335 Oak St,Kingston Springs
AA,Saturday,10:30 AM,Here Comes The Sun,Apex Recovery,209 Ward Cir,Brentwood
AA,Saturday,10:30 AM,Seeking Sanity Group,,3441 Lebanon Pike,Hermitage
AA,Saturday,11:00 AM,Any Lengths Group,The Other House Building,407 Park Ave,Lebanon
AA,Saturday,11:00 AM,Celebrate Serenity,4th Avenue Church of Christ,117 4th Ave N,Franklin
AA,Saturday,11:00 AM,Stepsister's Lunch Brunch,Serenity House,440 College St,Lewisburg
AA,Saturday,11:30 AM,Dickson Group,DAFA House,110 S Main St,Dickson
AA,Saturday,11:30 AM,Out to Lunch Bunch,Friendship House,202 23rd Ave N,Nashville
AA,Saturday,11:30 AM,We Are Not Saints Group,,Zoom,Nashville
AA,Saturday,11:30 AM,Westminster Group 1,Westminster Presbyterian Church,3900 West End Ave,Nashville
AA,Saturday,11:30 AM,Westminster Group 2,Westminster Presbyterian Church,3900 West End Ave,Nashville
AA,Saturday,12:00 PM,Clark Street Group,Melvin Maynard Center,951 Clark St,Clarksville
AA,Saturday,12:00 PM,Columbia Group,Friendship House,1113 S High St,Columbia
AA,Saturday,12:00 PM,Crossville Nooners,Fourth Dimension Club House,2229 West Ave,Crossville
AA,Saturday,12:00 PM,GAA (Gallatin AA),,165 E Bledsoe St,Gallatin
AA,Saturday,12:00 PM,House Meeting,Serenity House,102 Harris St,Madison
AA,Saturday,12:00 PM,Lafayette New Hope Group,,907 Sycamore St,Lafayette
AA,Saturday,12:00 PM,Live and Let Live,,122 S Madison Ave,Cookeville
AA,Saturday,12:00 PM,Mid-day Break Group,Last Stop Club,2122 Utopia Ave,Nashville
AA,Saturday,12:00 PM,Paris Serenity Group,First Christian Church,101 S Poplar St,Paris
AA,Saturday,12:00 PM,Serenity Group,435 S. Molloy Lane,435 Molloy Ln,Murfreesboro
AA,Saturday,12:00 PM,Shade Tree Nooners,Donelson Church of the Nazarene,208 Donelson Pike,Nashville
AA,Saturday,12:00 PM,Smyrna Gratitude Group,Smyrna Air Base,298 Fitzhugh Blvd,Smyrna
AA,Saturday,1:00 PM,5x5 Group,Friendship House,202 23rd Ave N,Nashville
AA,Saturday,1:00 PM,Friends In Recovery,Brentwood UMC - Buchanan Annex,329 Franklin Rd,Brentwood
AA,Saturday,1:00 PM,Late Lunch Bunch,Concord Road Church of Christ,8221 Concord Rd,Brentwood
AA,Saturday,2:00 PM,Recovery at the Bend Men,Riverbend Maximum Security,7475 Cockrill Bend Blvd,Nashville
AA,Saturday,3:00 PM,5x5 Group,Friendship House,202 23rd Ave N,Nashville
AA,Saturday,3:00 PM,Serenity Group LGBTQ+,435 S. Molloy Lane,435 Molloy Ln,Murfreesboro
AA,Saturday,4:00 PM,Paris Fellowship Group,,3530 US-79,Paris
AA,Saturday,5:00 PM,5x5 Group,Friendship House,202 23rd Ave N,Nashville
AA,Saturday,5:00 PM,Clark Street Group Women,Melvin Maynard Center,951 Clark St,Clarksville
AA,Saturday,5:00 PM,Dickson Group,DAFA House,110 S Main St,Dickson
AA,Saturday,5:00 PM,Happy Hour Group,,122 S Madison Ave,Cookeville
AA,Saturday,5:00 PM,Pikeville Group,First Southern Baptist Church,2827 Main St,Pikeville
AA,Saturday,5:00 PM,We Came To Believe,The Spot,108 Ward Ave E,Carthage
AA,Saturday,5:30 PM,Murfreesboro Group,,801 N Maney Ave,Murfreesboro
AA,Saturday,5:30 PM,Shade Tree Group,Donelson Church of the Nazarene,208 Donelson Pike,Nashville
AA,Saturday,5:30 PM,Smyrna Gratitude Group,Smyrna Air Base,298 Fitzhugh Blvd,Smyrna
AA,Saturday,5:30 PM,Valley View Ashland City,Cheatham Recovery House,676 S Main St,Ashland City
AA,Saturday,6:00 PM,Came To Believe,First Presbyterian Church,101 Legends Club Ln,Franklin
AA,Saturday,6:00 PM,Clark Street Group,Melvin Maynard Center,951 Clark St,Clarksville
AA,Saturday,6:00 PM,Crossville Group,Fourth Dimension Club House,2229 West Ave,Crossville
AA,Saturday,6:00 PM,Goodlettsville Group,,200 E Cedar St,Goodlettsville
AA,Saturday,6:00 PM,No More Tears,No More Tears Recovery,1308 E Main St,Waverly
AA,Saturday,6:00 PM,Recovery On The Row,1701 17th Avenue South,1701 17th Ave S,Nashville
AA,Saturday,6:00 PM,Saturday Night Alive,Serenity House,313 N Collins St,Tullahoma
AA,Saturday,6:00 PM,Serenity Group,435 S. Molloy Lane,435 Molloy Ln,Murfreesboro
AA,Saturday,6:00 PM,Sobriety First Group,Our House,115 N Greenwood St,Lebanon
AA,Saturday,6:00 PM,Unity At 6,Last Stop Club,2122 Utopia Ave,Nashville
AA,Saturday,6:00 PM,Waynesboro AA,Waynesboro First UMC,311 Hassell St,Waynesboro
AA,Saturday,6:30 PM,Any Lengths Group,The Other House Building,407 Park Ave,Lebanon
AA,Saturday,6:30 PM,Daily Hope,Friendship House,202 23rd Ave N,Nashville
AA,Saturday,6:30 PM,Dickson Group,DAFA House,110 S Main St,Dickson
AA,Saturday,6:30 PM,The Southside Group,Antioch United Methodist Church,2575 Antioch Church Rd,Clarksville
AA,Saturday,6:30 PM,You Are Not Alone Women,Fairview Nutrition,2671 Fairview Blvd W #106,Fairview
AA,Saturday,7:00 PM,AA Mtg with Al-Anon,Serenity House,440 College St,Lewisburg
AA,Saturday,7:00 PM,Celina AA Group,Health Dept Basement,115 Guffey St,Celina
AA,Saturday,7:00 PM,Columbia Group,Friendship House,1113 S High St,Columbia
AA,Saturday,7:00 PM,Hillwood Family Meeting,Brookmeade Congregational,700 Bresslyn Rd,Nashville
AA,Saturday,7:00 PM,Keep It Simple,St. Matthews Episcopal Church,105 Edgewood Ave,McMinnville
AA,Saturday,7:00 PM,Livingston 12&12,First Christian Church,320 Oakley St,Livingston
AA,Saturday,7:00 PM,Puerto Seguro Reuniones,,184 Akersville Rd,Lafayette
AA,Saturday,7:00 PM,Pulaski Group,Betterway House,251 Water St,Pulaski
AA,Saturday,7:00 PM,Robertson County Group,5th Avenue Uniting Church,200 5th Ave W,Springfield
AA,Saturday,7:00 PM,Sparta Fellowship Group,Mary Turner Scott Bldg,180 Janice Dr,Sparta
AA,Saturday,7:00 PM,Stream of Life,WellSpring Christian Church,1001 Chapman's Crossings,Spring Hill
AA,Saturday,7:00 PM,United Group,Episcopal Church of Our Saviour,704 Hartsville Pike,Gallatin
AA,Saturday,7:00 PM,Waverly Group,First Baptist Church,300 E Main St,Waverly
AA,Saturday,7:00 PM,Weekend Recovery Group,,122 S Madison Ave,Cookeville
AA,Saturday,7:30 PM,Fairview Group,,Zoom,Fairview
AA,Saturday,7:30 PM,West Meade Group,St Henrys Catholic Church,6401 Harding Pike,Nashville
AA,Saturday,8:00 PM,805 Group,Old Hickory UMC,1216 Hadley Ave,Old Hickory
AA,Saturday,8:00 PM,Camino A La Sobriedad,,2572 Murfreesboro Pike,Nashville
AA,Saturday,8:00 PM,Clark Street Group,Melvin Maynard Center,951 Clark St,Clarksville
AA,Saturday,8:00 PM,GAA (Gallatin AA),,165 E Bledsoe St,Gallatin
AA,Saturday,8:00 PM,Grupo Fuerza Para Vivir,,392 Harding Pl,Nashville
AA,Saturday,8:00 PM,Grupo Mi Ultima Copa,,3015 Nolensville Pk,Nashville
AA,Saturday,8:00 PM,Grupo Nashville Sur,,5050 Linbar Dr,Nashville
AA,Saturday,8:00 PM,Grupo Nuevo Amanecer,,2711 Murfreesboro Pike,Antioch
AA,Saturday,8:00 PM,Grupo Regreso A Lo Fundamental,,403 Smyrna Square Dr,Smyrna
AA,Saturday,8:00 PM,Love and Tolerance,First Presbyterian Church,212 N Mulberry St,Dickson
AA,Saturday,8:00 PM,Manchester Saturday,St Bedes Episcopal Church,93 St Bedes Dr,Manchester
AA,Saturday,8:00 PM,Murfreesboro Group,,801 N Maney Ave,Murfreesboro
AA,Saturday,8:00 PM,Mustard Seed Group,Second Presbyterian Church,3511 Belmont Blvd,Nashville
AA,Saturday,8:00 PM,New Life Group,St. Timothy Lutheran Church,650 E Main St,Hendersonville
AA,Saturday,8:00 PM,New Life Group,The Fellowship House,206 S College St,Lebanon
AA,Saturday,8:00 PM,Nuevo Sendero,,4122 Gallatin Pike,Nashville
AA,Saturday,8:00 PM,One Day At A Time,Aldersgate United Methodist Church,512 Rosebank Ave,Nashville
AA,Saturday,8:00 PM,Serenity Group,435 S. Molloy Lane,435 Molloy Ln,Murfreesboro
AA,Saturday,8:00 PM,Smyrna Gratitude Group,Smyrna Air Base,298 Fitzhugh Blvd,Smyrna
AA,Saturday,8:00 PM,Sobriety Works,The Fellowship House,206 S College St,Lebanon
AA,Saturday,8:00 PM,Speaker Meeting,Friendship House,202 23rd Ave N,Nashville
AA,Saturday,8:00 PM,Transmitelo,907 Madison Square,907 Madison Square,Madison
AA,Saturday,8:00 PM,Viviendo Sobrio,,4813 Nolensville Pk,Nashville
AA,Saturday,8:00 PM,Weekenders,The Home Church,3511 Gallatin Pike,Nashville
AA,Saturday,8:00 PM,Woodbine Group,Last Stop Club,2122 Utopia Ave,Nashville
AA,Saturday,9:30 PM,Dickson Group,DAFA House,110 S Main St,Dickson
AA,Saturday,10:00 PM,Any Lengths Group,The Other House Building,407 Park Ave,Lebanon
AA,Saturday,11:59 PM,Nashville Midnight Meeting,Last Stop Club,2122 Utopia Ave,Nashville
AA,Sunday,6:15 AM,Seekers Group,Roberts Family Diner,4424 Old Kentucky Rd,Sparta
AA,Sunday,6:30 AM,Drunks In The Park,Aspen Grove Church,274 Mallory Station Rd,Franklin
AA,Sunday,6:30 AM,Out Of The Fog,Pinkerton Park,405 Murfreesboro Rd,Franklin
AA,Sunday,7:00 AM,First Things First,Our House,115 N Greenwood St,Lebanon
AA,Sunday,7:00 AM,Live and Let Live,,122 S Madison Ave,Cookeville
AA,Sunday,7:00 AM,Porters Chapel Group,Porters Chapel UMC,7257 Polk Ln,Columbia
AA,Sunday,7:00 AM,Shade Tree Group,Donelson Church of the Nazarene,208 Donelson Pike,Nashville
AA,Sunday,7:00 AM,Smyrna Gratitude Group,Smyrna Air Base,298 Fitzhugh Blvd,Smyrna
AA,Sunday,7:00 AM,Sober and Grateful Group,Friendship House,202 23rd Ave N,Nashville
AA,Sunday,7:00 AM,Sunrisers,5925 OBrien Avenue,5925 Obrien Ave,Nashville
AA,Sunday,7:30 AM,Attitude Adjustment,Kroger Marketplace,4726 Traders Way,Thompson Station
AA,Sunday,7:30 AM,East Side Sunlighters,Woodland Presbyterian Church,211 N 11th St,Nashville
AA,Sunday,7:30 AM,First Things First Group,,Zoom,Hendersonville
AA,Sunday,7:30 AM,The Pavilion Meeting,South Inglewood Park,1625 Rebecca St,Nashville
AA,Sunday,8:00 AM,Kick-Off Isn't Until Noon,Williamson Medical Center,4321 Carothers Pkwy,Franklin
AA,Sunday,8:30 AM,Dickson Group,DAFA House,110 S Main St,Dickson
AA,Sunday,9:00 AM,Back Room Group,5925 OBrien Avenue,5925 Obrien Ave,Nashville
AA,Sunday,9:00 AM,Robertson County Group,5th Avenue Uniting Church,200 5th Ave W,Springfield
AA,Sunday,9:00 AM,Serenity Group,435 S. Molloy Lane,435 Molloy Ln,Murfreesboro
AA,Sunday,9:00 AM,Sunday Morning,Friendship House,202 23rd Ave N,Nashville
AA,Sunday,9:30 AM,Murfreesboro Group,,801 N Maney Ave,Murfreesboro
AA,Sunday,9:30 AM,Searchers,Cumberland Heights,1531 Hunt Club Blvd #300,Gallatin
AA,Sunday,10:00 AM,Cookeville Group,,122 S Madison Ave,Cookeville
AA,Sunday,10:00 AM,House Meeting,Serenity House,102 Harris St,Madison
AA,Sunday,10:00 AM,Pulaski Group,Betterway House,251 Water St,Pulaski
AA,Sunday,10:00 AM,Shelter In Place,Edwin Warner Park Little Harpeth,86 Vaughn Rd,Nashville
AA,Sunday,10:00 AM,Sunday 10am AA Group,Fourth Dimension Club House,2229 West Ave,Crossville
AA,Sunday,10:00 AM,Trinity Group,Serenity House,313 N Collins St,Tullahoma
AA,Sunday,10:30 AM,AA Meeting - Clarksville,Melvin Maynard Center,951 Clark St,Clarksville
AA,Sunday,10:30 AM,Back Room Group,5925 OBrien Avenue,5925 Obrien Ave,Nashville
AA,Sunday,10:30 AM,Dickson Group,DAFA House,110 S Main St,Dickson
AA,Sunday,11:00 AM,Any Lengths Group,The Other House Building,407 Park Ave,Lebanon
AA,Sunday,11:00 AM,Smyrna Gratitude Group,Smyrna Air Base,298 Fitzhugh Blvd,Smyrna
AA,Sunday,11:30 AM,Out to Lunch Bunch,Friendship House,202 23rd Ave N,Nashville
AA,Sunday,12:00 PM,Columbia Group,Friendship House,1113 S High St,Columbia
AA,Sunday,12:00 PM,Paris Serenity Group,First Christian Church,101 S Poplar St,Paris
AA,Sunday,12:00 PM,Peachtree Group,Last Stop Club,2122 Utopia Ave,Nashville
AA,Sunday,12:00 PM,Serenity Group,435 S. Molloy Lane,435 Molloy Ln,Murfreesboro
AA,Sunday,1:00 PM,5x5 Group,Friendship House,202 23rd Ave N,Nashville
AA,Sunday,1:00 PM,Friends In Recovery,,Zoom,Brentwood
AA,Sunday,1:00 PM,Late Lunch Bunch,Concord Road Church of Christ,8221 Concord Rd,Brentwood
AA,Sunday,1:00 PM,Women In Recovery,5925 OBrien Avenue,5925 Obrien Ave,Nashville
AA,Sunday,2:00 PM,Grupo Regreso A Lo Fundamental,,403 Smyrna Square Dr,Smyrna
AA,Sunday,2:00 PM,Shade Tree Group,Donelson Church of the Nazarene,208 Donelson Pike,Nashville
AA,Sunday,3:00 PM,5x5 Group,Friendship House,202 23rd Ave N,Nashville
AA,Sunday,3:00 PM,Serenity Group Women,435 S. Molloy Lane,435 Molloy Ln,Murfreesboro
AA,Sunday,3:30 PM,Sobriety First Group,Our House,115 N Greenwood St,Lebanon
AA,Sunday,4:00 PM,Comfort Zone Group,The Oak House,335 Oak St,Kingston Springs
AA,Sunday,4:00 PM,Dickson Group Women,DAFA House,110 S Main St,Dickson
AA,Sunday,4:00 PM,Lafayette New Hope Group,,907 Sycamore St,Lafayette
AA,Sunday,4:00 PM,Nuevo Sendero,,4122 Gallatin Pike,Nashville
AA,Sunday,4:00 PM,Sunday Evening Meeting,Holy Family Catholic Church,9100 Crockett Rd,Brentwood
AA,Sunday,4:30 PM,Any Lengths Group Men,The Other House Building,407 Park Ave,Lebanon
AA,Sunday,5:00 PM,5x5 Group,Friendship House,202 23rd Ave N,Nashville
AA,Sunday,5:00 PM,AA Meeting - Tullahoma,Serenity House,313 N Collins St,Tullahoma
AA,Sunday,5:00 PM,Columbia Group Women,Friendship House,1113 S High St,Columbia
AA,Sunday,5:00 PM,Happy Hour Group,,122 S Madison Ave,Cookeville
AA,Sunday,5:30 PM,Murfreesboro Group,,801 N Maney Ave,Murfreesboro
AA,Sunday,5:30 PM,Paris Fellowship Group,,3530 US-79,Paris
AA,Sunday,5:30 PM,Serenity Group,435 S. Molloy Lane,435 Molloy Ln,Murfreesboro
AA,Sunday,5:30 PM,Smyrna Gratitude Group,Smyrna Air Base,298 Fitzhugh Blvd,Smyrna
AA,Sunday,5:30 PM,Valley View Ashland City,Cheatham Recovery House,676 S Main St,Ashland City
AA,Sunday,5:30 PM,Women's Way Out,Episcopal Church of the Resurrection,1216 Sneed Rd W,Franklin
AA,Sunday,6:00 PM,Clark Street Group,Melvin Maynard Center,951 Clark St,Clarksville
AA,Sunday,6:00 PM,Crossville Group,Fourth Dimension Club House,2229 West Ave,Crossville
AA,Sunday,6:00 PM,Franklin Fellowship,4th Avenue Church of Christ,117 4th Ave N,Franklin
AA,Sunday,6:00 PM,Gratitude Group,Monterey United Methodist Church,124 N Holly St,Monterey
AA,Sunday,6:00 PM,Lawrenceburg Group,City Administration Building,233 W Gaines St,Lawrenceburg
AA,Sunday,6:00 PM,Safe Harbor Group,St. Bethlehem Christian Church,280 Dunbar Cave Rd,Clarksville
AA,Sunday,6:00 PM,Transmitelo,907 Madison Square,907 Madison Square,Madison
AA,Sunday,6:00 PM,Viviendo Sobrio,,4813 Nolensville Pk,Nashville
AA,Sunday,6:30 PM,Any Lengths Group,The Other House Building,407 Park Ave,Lebanon
AA,Sunday,6:30 PM,Dickson Group,DAFA House,110 S Main St,Dickson
AA,Sunday,6:30 PM,Lifesavers Group,Friendship House,202 23rd Ave N,Nashville
AA,Sunday,6:30 PM,Way Of Life Women's Group,Episcopal Church of the Resurrection,1216 Sneed Rd W,Franklin
AA,Sunday,7:00 PM,Columbia Group,Friendship House,1113 S High St,Columbia
AA,Sunday,7:00 PM,Communications Group,Concordia Lutheran Church,3501 Central Ave,Nashville
AA,Sunday,7:00 PM,GAA (Gallatin AA),,165 E Bledsoe St,Gallatin
AA,Sunday,7:00 PM,Hendersonville Big Book,Indian Lake Peninsula Church,235 Indian Lake Rd,Hendersonville
AA,Sunday,7:00 PM,Hermitage Group,Hermitage Presbyterian Church,421 Highland View Dr,Hermitage
AA,Sunday,7:00 PM,Lewisburg Unity Group,Parkview Baptist Church,1380 W Ellington Pkwy,Lewisburg
AA,Sunday,7:00 PM,New Faith Group,Glencliff United Methodist Church,2901 Glencliff Rd,Nashville
AA,Sunday,7:00 PM,Peace In The Park,Berry's Chapel Church of Christ,1777 S Berrys Chapel Rd,Franklin
AA,Sunday,7:00 PM,Puerto Seguro Reuniones,,184 Akersville Rd,Lafayette
AA,Sunday,7:00 PM,Pulaski Group,Betterway House,251 Water St,Pulaski
AA,Sunday,7:00 PM,Rushh Hour,Kroger Marketplace,4726 Traders Way,Thompson Station
AA,Sunday,7:00 PM,Sunday Night Bunch,Last Stop Club,2122 Utopia Ave,Nashville
AA,Sunday,7:00 PM,Temple Hills Meeting,Saint Matthew Catholic Church,535 Sneed Rd W,Franklin
AA,Sunday,7:00 PM,Waverly Group,First Baptist Church,300 E Main St,Waverly
AA,Sunday,7:00 PM,Weekend Recovery Group,,122 S Madison Ave,Cookeville
AA,Sunday,7:00 PM,Weekenders,The Home Church,3511 Gallatin Pike,Nashville
AA,Sunday,7:00 PM,White House Group,Revolution Church,3644 US-31W,White House
AA,Sunday,8:00 PM,Clark Street Group,Melvin Maynard Center,951 Clark St,Clarksville
AA,Sunday,8:00 PM,Grupo Mi Ultima Copa,,3015 Nolensville Pk,Nashville
AA,Sunday,8:00 PM,Grupo Nashville Sur,,5050 Linbar Dr,Nashville
AA,Sunday,8:00 PM,Grupo Nuevo Amanecer,,2711 Murfreesboro Pike,Antioch
AA,Sunday,8:00 PM,Grupo Volver a Nacer,,2517b Nolensville Pk,Nashville
AA,Sunday,8:00 PM,No Defense Group,Friendship House,202 23rd Ave N,Nashville
AA,Sunday,8:00 PM,One Day At A Time,Aldersgate United Methodist Church,512 Rosebank Ave,Nashville
AA,Sunday,8:00 PM,Serenity Group - Lights Out,435 S. Molloy Lane,435 Molloy Ln,Murfreesboro
AA,Sunday,8:00 PM,Smyrna Gratitude Group,Smyrna Air Base,298 Fitzhugh Blvd,Smyrna
AA,Sunday,8:00 PM,Wilson County Friendship,Our House,115 N Greenwood St,Lebanon
AA,Sunday,8:00 PM,Woodbine Group,Last Stop Club,2122 Utopia Ave,Nashville
NA,Thursday,11:30 AM,Midday Miracles,Jefferson Street Missionary Bapt,2708 Jefferson Street,Nashville
NA,Thursday,12:00 PM,Sweet Surrender,City Roads UMC,701 Gallatin Road S,Madison
NA,Thursday,6:00 PM,By the Book,Real Life Community Church,2022 E Main St,Murfreesboro
NA,Thursday,6:30 PM,Unloaded,DAFA House,110 S Main St,Dickson
NA,Thursday,6:45 PM,Hope Group,Serenity House,102 Harris St,Madison
NA,Thursday,6:45 PM,Never Alone,Central Christian Church,404 East Main Street,Murfreesboro
NA,Thursday,7:00 PM,Imagine the Freedom Group,Centerville UMC,103 College Avenue,Centerville
NA,Thursday,7:00 PM,Rutherford County Night Owls,First UMC,265 W Thompson Ln,Murfreesboro
NA,Thursday,7:00 PM,Family is Forever,Franklin First UMC,120 Aldersgate Way,Franklin
NA,Thursday,7:00 PM,Pathway To Progress,First Presbyterian Church,1101 Jackson St,Manchester
NA,Thursday,7:00 PM,For Addicts Only,Highland Park Church,5710 Knob Rd,Nashville
NA,Thursday,7:00 PM,Recovery Is Possible,Temple Baptist Church,34 Oak Tree Drive,McMinnville
NA,Thursday,7:00 PM,Portland Primary Purpose,,703 South Broadway Street,Portland
NA,Thursday,7:00 PM,The Acheivers Of NA,City Hall,141 Church St,Dowelltown
NA,Thursday,7:00 PM,New Freedom Fighters,Salvation Army,631 Dickerson Road,Nashville
NA,Thursday,7:00 PM,New Hope Group,St Peter's Episcopal Church,311 W 7th St,Columbia
NA,Thursday,7:00 PM,New Comers Group,Hohenwald First UMC,200 Court Street,Hohenwald
NA,Thursday,7:00 PM,Clean and Serene,Dekalb Community Complex,712 S. Congress Blvd,Smithville
NA,Thursday,7:00 PM,It Just Gets Better,Good Shepherd Methodist,525 New Shackle Island Rd,Hendersonville
NA,Thursday,7:00 PM,Hope Not Dope,Westmoreland Church of Christ,1600 New Hwy 52,Westmoreland
NA,Thursday,7:00 PM,Knights to Recovery,Hartsville UMC,224 River Street,Lafayette
NA,Thursday,7:30 PM,New New Horizons,Ebeneezer Missionary Baptist,2624 Morena Street,Nashville
NA,Thursday,7:30 PM,We've Had Enough,Ascension Lutheran Church,610 West Old Hickory Blvd,Madison
NA,Thursday,7:30 PM,Drop It Off,Last Stop Club,2122 Utopia Ave,Nashville
NA,Friday,7:00 AM,Early Birds (Virtual),,Zoom,Madison
NA,Friday,12:00 PM,Out to Lunch Bunch,Belmont UMC,2007 Acklen Ave,Nashville
NA,Friday,12:00 PM,Sweet Surrender,City Roads UMC,701 Gallatin Road S,Madison
NA,Friday,5:30 PM,Happy Hour,Belmont UMC,2007 Acklen Ave,Nashville
NA,Friday,6:00 PM,The Next Step,Serenity House,313 Collins St,Tullahoma
NA,Friday,6:00 PM,Underground Recovery Womens,Central Christian Church,404 E. Main St,Murfreesboro
NA,Friday,6:00 PM,No More Tears,No More Tears Recovery,1308 E Main St,Waverly
NA,Friday,6:30 PM,Unloaded,DAFA House,110 S Main St,Dickson
NA,Friday,6:30 PM,Finding A New Way To Live,,433 Nissan Drive,Smyrna
NA,Friday,6:45 PM,Hope Group,Serenity House,102 Harris St,Madison
NA,Friday,7:00 PM,Sharing and Caring,First UMC,212 Waterloo Street,Lawrenceburg
NA,Friday,7:00 PM,Home Sweet Home,First Presbyterian of Hendersonville,172 West Main St,Hendersonville
NA,Friday,7:00 PM,Breaking Free,Maury Hills Church,101 Unity Lane,Columbia
NA,Friday,7:00 PM,Keep it Real,Fairlane Church of Christ,101 Dow Drive,Shelbyville
NA,Friday,7:00 PM,Rutherford County Night Owls,First UMC,265 W Thompson Ln,Murfreesboro
NA,Friday,7:00 PM,Clean and Serene,Dekalb Community Complex,712 S CONGRESS BLVD,Smithville
NA,Friday,7:00 PM,New Comers Group,Hohenwald First UMC,200 Court Street,Hohenwald
NA,Friday,7:00 PM,Breaking the Chains,First UMC,149 West Main St,Gallatin
NA,Friday,7:30 PM,Easy Does It,,1215 Gallatin Ave,Nashville
NA,Friday,7:30 PM,Drop It Off,Last Stop Club,2122 Utopia Ave,Nashville
NA,Friday,7:30 PM,Houston County Group,First Assembly of God,700 Arlington St,Erin
NA,Friday,7:30 PM,Moon Dogs,Home Church,3511 Gallatin Pike,Nashville
NA,Friday,7:30 PM,Step by Step,Woodmont Hills Church,3710 Franklin Pike,Nashville
NA,Saturday,9:00 AM,Never Alone,Central Christian Church,404 East Main Street,Murfreesboro
NA,Saturday,10:30 AM,Unloaded,DAFA House,110 S Main St,Dickson
NA,Saturday,12:00 PM,Surrender To Win,Lafayette UMC,600 West End Dr,Lafayette
NA,Saturday,12:00 PM,Discover Recovery Group,Epiphany Baptist Church,508 South Main St,Springfield
NA,Saturday,12:00 PM,Sweet Surrender,City Roads UMC,701 Gallatin Road S,Madison
NA,Saturday,5:00 PM,Five Alive,Serenity House,102 Harris St,Madison
NA,Saturday,6:00 PM,The Recovery Plug,Pomona Baptist Chruch Gym,974 Pomona Road,Dickson
NA,Saturday,6:00 PM,Women of Hope,Inglewood UMC,3511 Gallatin Pike,Nashville
NA,Saturday,6:00 PM,Keep Coming Back,Right Road Ministries,190 Old Nashville Hwy,LaVergne
NA,Saturday,6:00 PM,It Just Gets Better,Good Shepherd Methodist,525 New Shackle Island Rd,Hendersonville
NA,Saturday,6:00 PM,Spiritual Solutions,Cumberland Heights IOP,745 S Church St Suite 501,Murfreesboro
NA,Saturday,6:30 PM,Unloaded,DAFA House,110 S Main St,Dickson
NA,Saturday,7:00 PM,Sharing and Caring,Veteran's Park,530 Shoal Circle,Lawrenceburg
NA,Saturday,7:00 PM,Pathway To Progress,First Presbyterian Church,1101 Jackson St,Manchester
NA,Saturday,7:00 PM,Saturday Sundowners,Emmanuel Missionary Baptist,934 43rd Ave N,Nashville
NA,Saturday,7:00 PM,Rutherford County Night Owls,First UMC,265 W Thompson Ln,Murfreesboro
NA,Saturday,7:00 PM,New Hope Group,St Peter's Episcopal Church,311 W 7th St,Columbia
NA,Saturday,7:00 PM,Clean and Serene,Dekalb Community Complex,712 S CONGRESS BLVD,Smithville
NA,Saturday,7:00 PM,New Comers Group,Hohenwald First UMC,200 Court Street,Hohenwald
NA,Saturday,7:00 PM,Decherd Surrender,Decherd UMC,301 E Main St,Decherd
NA,Saturday,7:00 PM,Give Us This Day,Stewart County Senior Center,111 General Rice Steet,Dover
NA,Saturday,7:00 PM,The Next Chapter,Bledsoe Baptist Association,145 E Smith St,Gallatin
NA,Saturday,7:00 PM,High Steppers,Greater First Baptist Church,512 North 6th Ave,Lewisburg
NA,Saturday,7:30 PM,Saturday Night Live,Otter Creek Church,409 Franklin Rd,Brentwood
NA,Saturday,7:30 PM,Drop It Off,Last Stop Club,2122 Utopia Ave,Nashville
CA,Friday,7:30 PM,Dr. Bob's Nightmare,Otter Creek Church,3534 West End Ave,Nashville
CA,Saturday,7:30 PM,Pioneer Group,Otter Creek Church,3534 West End Ave,Nashville
